name,observations,actual_up_rate,always_up_accuracy,directional_accuracy_50,brier,brier_ref,brier_skill,auc,active_signal_rate,mean_actual_exec_ret_when_active,total_return,cagr,ann_vol,sharpe,sortino,max_drawdown
NASDAQ100_TR_prediction,245,0.5469387755102041,0.5469387755102041,0.47346938775510206,0.25932515152359215,0.24779675135360268,-0.04652361302969066,0.47290574156245796,0.0,,,,,,,
CHILE_LARGECAP_NTR_prediction,255,0.5647058823529412,0.5647058823529412,0.49411764705882355,0.24812724478596979,0.24581314878892738,-0.009414044807787958,0.432932932932933,0.0,,,,,,,
COPPER_MINERS_TR_prediction,255,0.592156862745098,0.592156862745098,0.5647058823529412,0.2479262045301985,0.24150711264898117,-0.026579307792674367,0.4874872643912379,0.0,,,,,,,
MFP3_v14_portfolio,261,,,,,,,,,,0.0,0.0,0.0,,,0.0
Benchmark_30_30_30,261,,,,,,,,,,0.345707360959677,0.3319994779103641,0.22159156215772347,1.4048377378606463,2.143139996478593,-0.16226706427094595
Cash_0pct,261,,,,,,,,,,0.0,0.0,0.0,,,0.0
BuyHold_NASDAQ100_TR,261,,,,,,,,,,0.245870375839365,0.23646176651077577,0.19493515608694942,1.1864235676355899,1.7921062183982506,-0.11853547660902297
BuyHold_CHILE_LARGECAP_NTR,261,,,,,,,,,,0.19346556663587533,0.18620916836110446,0.2699256674441813,0.7667917995078196,1.2637255651177477,-0.22638290329370936
BuyHold_COPPER_MINERS_TR,261,,,,,,,,,,0.7005066550966408,0.6696573700128279,0.41549453916440066,1.4426539659443063,2.10466894714744,-0.27682225372990055
