,pos_NASDAQ100_TR,ret_NASDAQ100_TR,pos_CHILE_LARGECAP_NTR,ret_CHILE_LARGECAP_NTR,pos_COPPER_MINERS_TR,ret_COPPER_MINERS_TR,portfolio_ret_gross,cost,portfolio_ret_net,capital,cash_weight
2025-09-22,0.0,0.005600147963775726,0.0,0.016844873741722388,0.0,0.011175803720136157,0.0,0.0,0.0,10000000.0,1.0
2025-09-23,0.0,-0.007306101610921156,0.0,0.010299755207611838,0.0,0.004657600609017543,0.0,0.0,0.0,10000000.0,1.0
2025-09-24,0.0,-0.0030988059763499276,0.0,-0.010834781018560835,0.0,0.0009437341562879009,0.0,0.0,0.0,10000000.0,1.0
2025-09-25,0.0,-0.004336488375367931,0.0,-0.020196884965568263,0.0,-0.01198857575444745,0.0,0.0,0.0,10000000.0,1.0
2025-09-26,0.0,0.004383729400319947,0.0,-0.0015408805031447148,0.0,0.014007787521854498,0.0,0.0,0.0,10000000.0,1.0
2025-09-29,0.0,0.004387449240186525,0.0,-0.0037951560580768984,0.0,0.043860854273427785,0.0,0.0,0.0,10000000.0,1.0
2025-09-30,0.0,0.00282340690653915,0.0,-0.004362877602314241,0.0,0.013602353266341627,0.0,0.0,0.0,10000000.0,1.0
2025-10-01,0.0,0.004962919907935515,0.0,0.002111613876319751,0.0,0.0033825458039551393,0.0,0.0,0.0,10000000.0,1.0
2025-10-02,0.0,0.003705634317208384,0.0,-0.01604930447732822,0.0,-0.0005241124059347513,0.0,0.0,0.0,10000000.0,1.0
2025-10-03,0.0,-0.004210302074619032,0.0,0.0019805168665969486,0.0,0.01634663938989811,0.0,0.0,0.0,10000000.0,1.0
2025-10-06,0.0,0.007788174929484359,0.0,-0.006331554927042404,0.0,0.00395564076921584,0.0,0.0,0.0,10000000.0,1.0
2025-10-07,0.0,-0.005537979377528535,0.0,0.005158974027234198,0.0,0.00408598330076404,0.0,0.0,0.0,10000000.0,1.0
2025-10-08,0.0,0.011932142671289725,0.0,0.023876562675977153,0.0,0.039701496309776596,0.0,0.0,0.0,10000000.0,1.0
2025-10-09,0.0,-0.0015119673394091704,0.0,-0.010889891101088955,0.0,0.005056551942092646,0.0,0.0,0.0,10000000.0,1.0
2025-10-10,0.0,-0.03491713577136557,0.0,-0.017650610066090477,0.0,-0.03732214233450848,0.0,0.0,0.0,10000000.0,1.0
2025-10-13,0.0,0.021819424049600356,0.0,0.008377403651771642,0.0,0.030760243468866078,0.0,0.0,0.0,10000000.0,1.0
2025-10-14,0.0,-0.006906265270976375,0.0,0.022870523327612968,0.0,-0.009488348283931303,0.0,0.0,0.0,10000000.0,1.0
2025-10-15,0.0,0.00675532182156191,0.0,0.016416576508772707,0.0,0.008877869311365139,0.0,0.0,0.0,10000000.0,1.0
2025-10-16,0.0,-0.003561117771085587,0.0,0.006880167839071971,0.0,-0.007695966630483775,0.0,0.0,0.0,10000000.0,1.0
2025-10-17,0.0,0.006517934001911252,0.0,-0.0055002298146162865,0.0,-0.029830383480825895,0.0,0.0,0.0,10000000.0,1.0
2025-10-20,0.0,0.013017469198834508,0.0,0.008365300180246615,0.0,0.020777114768221194,0.0,0.0,0.0,10000000.0,1.0
2025-10-21,0.0,-0.0005524675519464894,0.0,0.0026277996761083777,0.0,-0.035328211683814725,0.0,0.0,0.0,10000000.0,1.0
2025-10-22,0.0,-0.009874877370910973,0.0,-0.012860756407521268,0.0,-0.009366174985365294,0.0,0.0,0.0,10000000.0,1.0
2025-10-23,0.0,0.00877902168578526,0.0,0.018029699607915672,0.0,0.012591154373136959,0.0,0.0,0.0,10000000.0,1.0
2025-10-24,0.0,0.010390131867937136,0.0,0.00048521607278240175,0.0,0.009523137697517114,0.0,0.0,0.0,10000000.0,1.0
2025-10-27,0.0,0.018273354526324947,0.0,0.010123973204813286,0.0,-0.0010799067468761914,0.0,0.0,0.0,10000000.0,1.0
2025-10-28,0.0,0.007394865810224527,0.0,0.003495873968492269,0.0,0.012667645992712417,0.0,0.0,0.0,10000000.0,1.0
2025-10-29,0.0,0.0041479105988373455,0.0,0.007640207526576237,0.0,0.020145312509812108,0.0,0.0,0.0,10000000.0,1.0
2025-10-30,0.0,-0.014740930494838933,0.0,0.009377689408552659,0.0,-0.012816172261174152,0.0,0.0,0.0,10000000.0,1.0
2025-10-31,0.0,0.004887769730315128,0.0,-0.0002793049716284246,0.0,-0.0010974689622058609,0.0,0.0,0.0,10000000.0,1.0
2025-11-03,0.0,0.00444025050309782,0.0,0.014483803137912199,0.0,-0.015749751861816708,0.0,0.0,0.0,10000000.0,1.0
2025-11-04,0.0,-0.02067299189283245,0.0,-0.025872564935064846,0.0,-0.03930995116382319,0.0,0.0,0.0,10000000.0,1.0
2025-11-05,0.0,0.0072468341422951,0.0,0.010534616929783969,0.0,0.016029365163198417,0.0,0.0,0.0,10000000.0,1.0
2025-11-06,0.0,-0.019125338913177137,0.0,0.0017963631009350056,0.0,0.00734892787524366,0.0,0.0,0.0,10000000.0,1.0
2025-11-07,0.0,-0.0027743262947101943,0.0,0.008230815585637208,0.0,0.011146157865201234,0.0,0.0,0.0,10000000.0,1.0
2025-11-10,0.0,0.02215550804752975,0.0,0.004664927037625555,0.0,0.02655668893014118,0.0,0.0,0.0,10000000.0,1.0
2025-11-11,0.0,-0.0030553324662577763,0.0,0.009155941204637585,0.0,4.9713525807515424e-05,0.0,0.0,0.0,10000000.0,1.0
2025-11-12,0.0,-0.0006237705916827263,0.0,0.028829010180019488,0.0,0.01673398371962964,0.0,0.0,0.0,10000000.0,1.0
2025-11-13,0.0,-0.020514701304800598,0.0,-0.018587620365323576,0.0,-0.020712247055731825,0.0,0.0,0.0,10000000.0,1.0
2025-11-14,0.0,0.0007129759649711076,0.0,-0.021574128134656756,0.0,-0.010029082466892159,0.0,0.0,0.0,10000000.0,1.0
2025-11-17,0.0,-0.00831037146073721,0.0,0.032805495721022204,0.0,-0.01611327201548285,0.0,0.0,0.0,10000000.0,1.0
2025-11-18,0.0,-0.011946321196755871,0.0,-0.025436148924776525,0.0,-0.019407833614188408,0.0,0.0,0.0,10000000.0,1.0
2025-11-19,0.0,0.005615486921826562,0.0,0.007764940642306595,0.0,0.02177833535892093,0.0,0.0,0.0,10000000.0,1.0
2025-11-20,0.0,-0.0236053035869348,0.0,-0.0016070249949780013,0.0,-0.031187849720223815,0.0,0.0,0.0,10000000.0,1.0
2025-11-21,0.0,0.007769398612152978,0.0,-0.009054065706648351,0.0,0.0016039815707138416,0.0,0.0,0.0,10000000.0,1.0
2025-11-24,0.0,0.02618053210283633,0.0,-0.0006816336001856937,0.0,0.027461266236547655,0.0,0.0,0.0,10000000.0,1.0
2025-11-25,0.0,0.005814043869603935,0.0,0.015310935345766108,0.0,0.015278241013931382,0.0,0.0,0.0,10000000.0,1.0
2025-11-26,0.0,0.008797588382829291,0.0,0.011192109777015347,0.0,0.02544064691389214,0.0,0.0,0.0,10000000.0,1.0
2025-11-27,0.0,0.0,0.0,0.006983023055284754,0.0,0.001115101930173612,0.0,0.0,0.0,10000000.0,1.0
2025-11-28,0.0,0.007881148743358324,0.0,0.001881044962589673,0.0,0.02747726125860006,0.0,0.0,0.0,10000000.0,1.0
2025-12-01,0.0,-0.0036188373599596035,0.0,0.003853105603116136,0.0,0.01031965165934956,0.0,0.0,0.0,10000000.0,1.0
2025-12-02,0.0,0.008405265317357635,0.0,0.008639700750914026,0.0,-0.0057088317939840705,0.0,0.0,0.0,10000000.0,1.0
2025-12-03,0.0,0.002042437637248984,0.0,0.013381304919394044,0.0,0.039094220828389536,0.0,0.0,0.0,10000000.0,1.0
2025-12-04,0.0,-0.0009155370492144321,0.0,0.007633275071007084,0.0,0.004980491163644851,0.0,0.0,0.0,10000000.0,1.0
2025-12-05,0.0,0.0044304369313044045,0.0,-0.00266970226721408,0.0,0.008592733002946051,0.0,0.0,0.0,10000000.0,1.0
2025-12-08,0.0,-0.0024204060622512458,0.0,-0.0033970160610918843,0.0,-0.010053607920612717,0.0,0.0,0.0,10000000.0,1.0
2025-12-09,0.0,0.0015964470629385996,0.0,-0.010130344677137915,0.0,-0.005992783499259469,0.0,0.0,0.0,10000000.0,1.0
2025-12-10,0.0,0.004211106376571072,0.0,0.008829079489263147,0.0,0.017114520592076188,0.0,0.0,0.0,10000000.0,1.0
2025-12-11,0.0,-0.0034819905730385514,0.0,0.029791649599956394,0.0,0.021362638854324656,0.0,0.0,0.0,10000000.0,1.0
2025-12-12,0.0,-0.01903857851768842,0.0,0.010315019092066224,0.0,-0.008134853611398762,0.0,0.0,0.0,10000000.0,1.0
2025-12-15,0.0,-0.005059344987472403,0.0,-0.014710899976378644,0.0,0.00830206797981159,0.0,0.0,0.0,10000000.0,1.0
2025-12-16,0.0,0.002619950395780668,0.0,-0.017940624125943883,0.0,-0.005210438596005562,0.0,0.0,0.0,10000000.0,1.0
2025-12-17,0.0,-0.019310535714168853,0.0,-0.010754875634035987,0.0,0.007068986630152763,0.0,0.0,0.0,10000000.0,1.0
2025-12-18,0.0,0.015082927577860783,0.0,0.010391960625711238,0.0,0.007837371772196677,0.0,0.0,0.0,10000000.0,1.0
2025-12-19,0.0,0.013062385915694641,0.0,0.01785641596222476,0.0,0.016040933171004523,0.0,0.0,0.0,10000000.0,1.0
2025-12-22,0.0,0.004618727110341725,0.0,0.00498566953276014,0.0,0.02757042386558073,0.0,0.0,0.0,10000000.0,1.0
2025-12-23,0.0,0.004953679544080547,0.0,0.0019896801920704643,0.0,0.018736310202280837,0.0,0.0,0.0,10000000.0,1.0
2025-12-24,0.0,0.0026786391382083163,0.0,-0.00014562014323726835,0.0,8.765326431081633e-05,0.0,0.0,0.0,10000000.0,1.0
2025-12-25,0.0,0.0,0.0,0.0,0.0,0.0,0.0,0.0,0.0,10000000.0,1.0
2025-12-26,0.0,-0.00045827986734880977,0.0,0.011664548247007911,0.0,0.01108458829776815,0.0,0.0,0.0,10000000.0,1.0
2025-12-29,0.0,-0.004608305273532509,0.0,-0.00459369969506207,0.0,-0.012242941569401422,0.0,0.0,0.0,10000000.0,1.0
2025-12-30,0.0,-0.002468303892241175,0.0,0.011320308185858163,0.0,0.010923432724869953,0.0,0.0,0.0,10000000.0,1.0
2025-12-31,0.0,-0.008314448845263778,0.0,-0.001014053744848642,0.0,-0.006796780848499662,0.0,0.0,0.0,10000000.0,1.0
2026-01-01,0.0,0.0,0.0,0.0,0.0,9.768788207531465e-05,0.0,0.0,0.0,10000000.0,1.0
2026-01-02,0.0,-0.0016179612255869946,0.0,-0.007769289832250892,0.0,0.01400913035431528,0.0,0.0,0.0,10000000.0,1.0
2026-01-05,0.0,0.00774220691544536,0.0,0.02120822622107954,0.0,0.04373837082553811,0.0,0.0,0.0,10000000.0,1.0
2026-01-06,0.0,0.009384712026431652,0.0,0.032660767264740986,0.0,0.02180523442205695,0.0,0.0,0.0,10000000.0,1.0
2026-01-07,0.0,0.0005533972208944249,0.0,-0.01192726730013427,0.0,-0.018658756304758106,0.0,0.0,0.0,10000000.0,1.0
2026-01-08,0.0,-0.0057218976986473935,0.0,0.00639436087859524,0.0,-0.014687645326306065,0.0,0.0,0.0,10000000.0,1.0
2026-01-09,0.0,0.01018181396273743,0.0,0.004940402486460771,0.0,0.026455260570304784,0.0,0.0,0.0,10000000.0,1.0
2026-01-12,0.0,0.000830786576862641,0.0,0.018233185642455352,0.0,0.030371537639919177,0.0,0.0,0.0,10000000.0,1.0
2026-01-13,0.0,-0.0017724036120055908,0.0,0.009851735054331234,0.0,0.002208049385929778,0.0,0.0,0.0,10000000.0,1.0
2026-01-14,0.0,-0.010657455093099788,0.0,0.0013677241312530786,0.0,0.021568018107858578,0.0,0.0,0.0,10000000.0,1.0
2026-01-15,0.0,0.00318587498587819,0.0,-0.017490209350674468,0.0,0.00019523534940324438,0.0,0.0,0.0,10000000.0,1.0
2026-01-16,0.0,-0.000697250894489021,0.0,0.006606384941871157,0.0,-0.015470516137818247,0.0,0.0,0.0,10000000.0,1.0
2026-01-19,0.0,0.0,0.0,0.0018210261298916564,0.0,0.0036748093433294216,0.0,0.0,0.0,10000000.0,1.0
2026-01-20,0.0,-0.02121868674038152,0.0,-9.759549108834253e-05,0.0,0.010667083182116954,0.0,0.0,0.0,10000000.0,1.0
2026-01-21,0.0,0.013567432372552313,0.0,0.013945316789282902,0.0,0.01245903427711692,0.0,0.0,0.0,10000000.0,1.0
2026-01-22,0.0,0.007571980879531148,0.0,0.03248862897985716,0.0,-0.02532975370608148,0.0,0.0,0.0,10000000.0,1.0
2026-01-23,0.0,0.0034138356011708115,0.0,0.0043120527702025235,0.0,0.037157991708890004,0.0,0.0,0.0,10000000.0,1.0
2026-01-26,0.0,0.004207672236233195,0.0,0.01559598960267361,0.0,0.03020868955042255,0.0,0.0,0.0,10000000.0,1.0
2026-01-27,0.0,0.008810053031666598,0.0,0.012100091407678093,0.0,0.017023826459569902,0.0,0.0,0.0,10000000.0,1.0
2026-01-28,0.0,0.003221799352914889,0.0,0.0022465821470101233,0.0,0.014704261650234418,0.0,0.0,0.0,10000000.0,1.0
2026-01-29,0.0,-0.0053075675875441375,0.0,-0.010103854558561887,0.0,0.026041514367948215,0.0,0.0,0.0,10000000.0,1.0
2026-01-30,0.0,-0.012725408964088913,0.0,0.0011720394624550323,0.0,-0.0759218470733366,0.0,0.0,0.0,10000000.0,1.0
2026-02-02,0.0,0.0072879184530236785,0.0,0.005307783233315044,0.0,-0.00584210456750367,0.0,0.0,0.0,10000000.0,1.0
2026-02-03,0.0,-0.015540424678578746,0.0,0.02048591875727812,0.0,0.0675923012492965,0.0,0.0,0.0,10000000.0,1.0
2026-02-04,0.0,-0.01765601504003289,0.0,-0.012773783277755024,0.0,-0.04573285899899948,0.0,0.0,0.0,10000000.0,1.0
2026-02-05,0.0,-0.013762081320399022,0.0,-0.019189765458422214,0.0,-0.047559182537127875,0.0,0.0,0.0,10000000.0,1.0
2026-02-06,0.0,0.02147104316908055,0.0,0.005617848970251638,0.0,0.023334201115328357,0.0,0.0,0.0,10000000.0,1.0
2026-02-09,0.0,0.007746663297269585,0.0,0.011719061109783713,0.0,0.04639423720643765,0.0,0.0,0.0,10000000.0,1.0
2026-02-10,0.0,-0.005524574370996516,0.0,-0.02515716197523643,0.0,-0.012800006824395638,0.0,0.0,0.0,10000000.0,1.0
2026-02-11,0.0,0.0029391949346555535,0.0,0.012562872040976503,0.0,0.027016400808807184,0.0,0.0,0.0,10000000.0,1.0
2026-02-12,0.0,-0.020382002767209695,0.0,-0.01751107971699728,0.0,-0.033899160724427446,0.0,0.0,0.0,10000000.0,1.0
2026-02-13,0.0,0.0019499867348973243,0.0,-0.024931583097546284,0.0,0.001885502532147365,0.0,0.0,0.0,10000000.0,1.0
2026-02-16,0.0,0.0,0.0,0.005958185667055194,0.0,-0.0004476703755216249,0.0,0.0,0.0,10000000.0,1.0
2026-02-17,0.0,-0.001216951203346528,0.0,-0.017555889202832575,0.0,-0.034999152089121854,0.0,0.0,0.0,10000000.0,1.0
2026-02-18,0.0,0.007994829555622474,0.0,0.010793964044186755,0.0,0.026202191701812927,0.0,0.0,0.0,10000000.0,1.0
2026-02-19,0.0,-0.00392528527204572,0.0,-0.0178335456374481,0.0,-0.007240617713826447,0.0,0.0,0.0,10000000.0,1.0
2026-02-20,0.0,0.008686554525522583,0.0,-0.0064847698815772015,0.0,0.02452077454510082,0.0,0.0,0.0,10000000.0,1.0
2026-02-23,0.0,-0.012127719253070435,0.0,0.002403435570846435,0.0,0.01727264093110792,0.0,0.0,0.0,10000000.0,1.0
2026-02-24,0.0,0.010850625034702022,0.0,0.005781191047064871,0.0,0.03089471606992067,0.0,0.0,0.0,10000000.0,1.0
2026-02-25,0.0,0.014094906934606133,0.0,0.020620053728308996,0.0,0.022003219180055877,0.0,0.0,0.0,10000000.0,1.0
2026-02-26,0.0,-0.011623800005383877,0.0,-0.011168812691185859,0.0,-0.008265394902200907,0.0,0.0,0.0,10000000.0,1.0
2026-02-27,0.0,-0.0028535763554815574,0.0,-0.031151079136690685,0.0,0.0010275697366497472,0.0,0.0,0.0,10000000.0,1.0
2026-03-02,0.0,0.001327537887812813,0.0,-0.05430558649538375,0.0,-0.014139938733694457,0.0,0.0,0.0,10000000.0,1.0
2026-03-03,0.0,-0.010874730752722384,0.0,-0.05519930902714154,0.0,-0.05724339451806737,0.0,0.0,0.0,10000000.0,1.0
2026-03-04,0.0,0.015140948142526867,0.0,0.044780874286663996,0.0,0.009992535065547203,0.0,0.0,0.0,10000000.0,1.0
2026-03-05,0.0,-0.002849874739053293,0.0,-0.03203012104097891,0.0,-0.054936030428768934,0.0,0.0,0.0,10000000.0,1.0
2026-03-06,0.0,-0.014935426216513004,0.0,-0.01136783860408419,0.0,-0.0382254745026297,0.0,0.0,0.0,10000000.0,1.0
2026-03-09,0.0,0.013212200942747998,0.0,0.014186165717689825,0.0,0.003523671846765275,0.0,0.0,0.0,10000000.0,1.0
2026-03-10,0.0,-0.0004318135775607246,0.0,0.0523720409250481,0.0,0.03134580847545165,0.0,0.0,0.0,10000000.0,1.0
2026-03-11,0.0,0.0003872537262066267,0.0,-0.029335029399929935,0.0,-0.007728074689406839,0.0,0.0,0.0,10000000.0,1.0
2026-03-12,0.0,-0.017281209053164437,0.0,-0.04121367727096448,0.0,-0.03133826620856983,0.0,0.0,0.0,10000000.0,1.0
2026-03-13,0.0,-0.006105789053756583,0.0,0.010181453018870412,0.0,-0.044297746632377066,0.0,0.0,0.0,10000000.0,1.0
2026-03-16,0.0,0.011293917986086255,0.0,0.02247718455314862,0.0,0.013954814410971794,0.0,0.0,0.0,10000000.0,1.0
2026-03-17,0.0,0.005073120055406166,0.0,0.003659343478671806,0.0,-0.0003748994924057669,0.0,0.0,0.0,10000000.0,1.0
2026-03-18,0.0,-0.014338834049579363,0.0,-0.004897212356043457,0.0,-0.041841644254731136,0.0,0.0,0.0,10000000.0,1.0
2026-03-19,0.0,-0.002858598685010927,0.0,-0.01650803093396791,0.0,-0.04514178589454387,0.0,0.0,0.0,10000000.0,1.0
2026-03-20,0.0,-0.01870207895631859,0.0,-0.0235624046299987,0.0,-0.0316179524382284,0.0,0.0,0.0,10000000.0,1.0
2026-03-23,0.0,0.012216079374975264,0.0,0.011347477790761618,0.0,0.046697374943605485,0.0,0.0,0.0,10000000.0,1.0
2026-03-24,0.0,-0.007695782115501815,0.0,-0.011303682049140451,0.0,0.011259930929157225,0.0,0.0,0.0,10000000.0,1.0
2026-03-25,0.0,0.006711395624888317,0.0,0.028624530081804433,0.0,0.03080946542551799,0.0,0.0,0.0,10000000.0,1.0
2026-03-26,0.0,-0.02383723379247471,0.0,-0.011429588261059886,0.0,-0.04222691863967254,0.0,0.0,0.0,10000000.0,1.0
2026-03-27,0.0,-0.019239382165483043,0.0,-0.004153916450893802,0.0,0.006806238074426263,0.0,0.0,0.0,10000000.0,1.0
2026-03-30,0.0,-0.0077454521326516534,0.0,-0.006382002474937809,0.0,-0.01674439779988257,0.0,0.0,0.0,10000000.0,1.0
2026-03-31,0.0,0.03432219905809819,0.0,0.021549914639948486,0.0,0.06503854933884656,0.0,0.0,0.0,10000000.0,1.0
2026-04-01,0.0,0.011852923351164835,0.0,0.03227308840853693,0.0,0.04079548671492694,0.0,0.0,0.0,10000000.0,1.0
2026-04-02,0.0,0.0011572622734892235,0.0,-0.010217893256190491,0.0,-0.00784900381764675,0.0,0.0,0.0,10000000.0,1.0
2026-04-03,0.0,0.0,0.0,0.0,0.0,0.0,0.0,0.0,0.0,10000000.0,1.0
2026-04-06,0.0,0.0061031588445805696,0.0,-0.004156164530487505,0.0,0.0007930679982375288,0.0,0.0,0.0,10000000.0,1.0
2026-04-07,0.0,0.0004219802883644874,0.0,-0.030924365222542383,0.0,-0.0053758707051733134,0.0,0.0,0.0,10000000.0,1.0
2026-04-08,0.0,0.028955506978217027,0.0,0.06711493310734795,0.0,0.07700176557666505,0.0,0.0,0.0,10000000.0,1.0
2026-04-09,0.0,0.007202487538908953,0.0,0.012992761547674814,0.0,-0.0008036896661949289,0.0,0.0,0.0,10000000.0,1.0
2026-04-10,0.0,0.0013685574658359734,0.0,0.016488883176969393,0.0,0.02455510159313401,0.0,0.0,0.0,10000000.0,1.0
2026-04-13,0.0,0.010645652641270598,0.0,-0.0074722162517542046,0.0,0.008894360511537247,0.0,0.0,0.0,10000000.0,1.0
2026-04-14,0.0,0.018054039270428923,0.0,0.030903671244044695,0.0,0.018958267935856643,0.0,0.0,0.0,10000000.0,1.0
2026-04-15,0.0,0.014030608599558958,0.0,-0.004955021747726329,0.0,0.0035015555237365437,0.0,0.0,0.0,10000000.0,1.0
2026-04-16,0.0,0.004900887765286077,0.0,0.014554124703515692,0.0,-0.003861187498919172,0.0,0.0,0.0,10000000.0,1.0
2026-04-17,0.0,0.012889890116670522,0.0,0.0068544290627792215,0.0,0.022731711975275903,0.0,0.0,0.0,10000000.0,1.0
2026-04-20,0.0,-0.003077550708978083,0.0,-0.01827155691170579,0.0,-0.008628299804770312,0.0,0.0,0.0,10000000.0,1.0
2026-04-21,0.0,-0.004169664065988732,0.0,-0.02642528109366482,0.0,-0.04172749339646464,0.0,0.0,0.0,10000000.0,1.0
2026-04-22,0.0,0.017288965717717764,0.0,-0.014537915596143702,0.0,0.03256343817012142,0.0,0.0,0.0,10000000.0,1.0
2026-04-23,0.0,-0.005741205257074777,0.0,0.0002323210160173339,0.0,-0.042171255013433995,0.0,0.0,0.0,10000000.0,1.0
2026-04-24,0.0,0.019454368301396352,0.0,0.01232305766674835,0.0,-0.011721820202184596,0.0,0.0,0.0,10000000.0,1.0
2026-04-27,0.0,8.74600343709897e-05,0.0,-0.008208841074797246,0.0,-0.0022990397052840006,0.0,0.0,0.0,10000000.0,1.0
2026-04-28,0.0,-0.010118631715764659,0.0,-0.026989512646514502,0.0,-0.041931612028366816,0.0,0.0,0.0,10000000.0,1.0
2026-04-29,0.0,0.00584451956749743,0.0,-0.002813441115866233,0.0,-0.019418450636204176,0.0,0.0,0.0,10000000.0,1.0
2026-04-30,0.0,0.009752178167556469,0.0,-0.002013378369428609,0.0,0.020183352026137635,0.0,0.0,0.0,10000000.0,1.0
2026-05-01,0.0,0.009438587009806598,0.0,0.003649974118365318,0.0,-0.0077912518103906425,0.0,0.0,0.0,10000000.0,1.0
2026-05-04,0.0,-0.0020823265201693753,0.0,-0.02734798592927601,0.0,-0.022955115883591226,0.0,0.0,0.0,10000000.0,1.0
2026-05-05,0.0,0.013209652340087308,0.0,0.0010333106730116004,0.0,0.017804490814243623,0.0,0.0,0.0,10000000.0,1.0
2026-05-06,0.0,0.020850051369522005,0.0,0.052399967402819714,0.0,0.06485648540632205,0.0,0.0,0.0,10000000.0,1.0
2026-05-07,0.0,-0.0012316147148839773,0.0,0.005407568014041519,0.0,0.001278359332705481,0.0,0.0,0.0,10000000.0,1.0
2026-05-08,0.0,0.023573157157732227,0.0,-0.020551198285046812,0.0,0.027492798531536522,0.0,0.0,0.0,10000000.0,1.0
2026-05-11,0.0,0.002995699102160243,0.0,-0.007863489816780644,0.0,0.02764597934953228,0.0,0.0,0.0,10000000.0,1.0
2026-05-12,0.0,-0.008726071362521126,0.0,-0.010858365697075434,0.0,0.020895278338360912,0.0,0.0,0.0,10000000.0,1.0
2026-05-13,0.0,0.01042357890886314,0.0,-0.019150641025640902,0.0,0.030195613964839163,0.0,0.0,0.0,10000000.0,1.0
2026-05-14,0.0,0.00727933697947325,0.0,0.014881681779810974,0.0,-0.01650867165540859,0.0,0.0,0.0,10000000.0,1.0
2026-05-15,0.0,-0.015222753262830624,0.0,-0.0200029514750667,0.0,-0.06489254603090089,0.0,0.0,0.0,10000000.0,1.0
2026-05-18,0.0,-0.004471102154701367,0.0,0.006571021793888798,0.0,-0.018319890739068256,0.0,0.0,0.0,10000000.0,1.0
2026-05-19,0.0,-0.00603227756453828,0.0,-0.023868458274398763,0.0,-0.030267600208460754,0.0,0.0,0.0,10000000.0,1.0
2026-05-20,0.0,0.01663373009006719,0.0,0.04037730065623557,0.0,0.02678212593347218,0.0,0.0,0.0,10000000.0,1.0
2026-05-21,0.0,0.002163888975979411,0.0,-0.0024507506260798007,0.0,0.012912064155254255,0.0,0.0,0.0,10000000.0,1.0
2026-05-22,0.0,0.0042564222031162835,0.0,-0.00635001610997743,0.0,0.0025252298318609867,0.0,0.0,0.0,10000000.0,1.0
2026-05-25,0.0,0.0,0.0,0.04080254002567063,0.0,0.0176051919181055,0.0,0.0,0.0,10000000.0,1.0
2026-05-26,0.0,0.0176269178135533,0.0,-0.011436360096060305,0.0,0.026435404591180545,0.0,0.0,0.0,10000000.0,1.0
2026-05-27,0.0,-0.0009227540600766915,0.0,0.007432308217559358,0.0,-0.0055868798434643985,0.0,0.0,0.0,10000000.0,1.0
2026-05-28,0.0,0.008351305264200137,0.0,0.00552659019812296,0.0,0.028427920463960366,0.0,0.0,0.0,10000000.0,1.0
2026-05-29,0.0,0.0036771219419156065,0.0,-0.006325832209893356,0.0,0.0022867260795864652,0.0,0.0,0.0,10000000.0,1.0
2026-06-01,0.0,0.005956506554184671,0.0,-0.02262053850970558,0.0,0.019847034247750805,0.0,0.0,0.0,10000000.0,1.0
2026-06-02,0.0,0.004832384797886391,0.0,-0.007527828942099801,0.0,0.05158485826170489,0.0,0.0,0.0,10000000.0,1.0
2026-06-03,0.0,-0.0029120158830422405,0.0,-0.01794023507894249,0.0,-0.028459902023928008,0.0,0.0,0.0,10000000.0,1.0
2026-06-04,0.0,-0.005150404525210872,0.0,-0.002410166520596002,0.0,-0.006810128006299987,0.0,0.0,0.0,10000000.0,1.0
2026-06-05,0.0,-0.04756578298207559,0.0,-0.01962991434219208,0.0,-0.09260555261145864,0.0,0.0,0.0,10000000.0,1.0
2026-06-08,0.0,0.015811214249057848,0.0,-0.022249292895348494,0.0,0.0034550861096622754,0.0,0.0,0.0,10000000.0,1.0
2026-06-09,0.0,-0.011204438862675081,0.0,0.044451445674433376,0.0,-0.006570938591268893,0.0,0.0,0.0,10000000.0,1.0
2026-06-10,0.0,-0.019820440315201693,0.0,-0.007033852988359124,0.0,-0.02815704619347681,0.0,0.0,0.0,10000000.0,1.0
2026-06-11,0.0,0.03290823851694835,0.0,0.04417288041977363,0.0,0.046123686765727756,0.0,0.0,0.0,10000000.0,1.0
2026-06-12,0.0,0.006475560077214615,0.0,0.030759465213769044,0.0,0.04129239431663212,0.0,0.0,0.0,10000000.0,1.0
2026-06-15,0.0,0.03072805307965032,0.0,0.008429020463146975,0.0,0.038657975557310875,0.0,0.0,0.0,10000000.0,1.0
2026-06-16,0.0,-0.01885103584506076,0.0,0.0035876949695936577,0.0,0.00039452063708989016,0.0,0.0,0.0,10000000.0,1.0
2026-06-17,0.0,-0.009902097519621456,0.0,-0.005793316768926582,0.0,-0.014839509686337515,0.0,0.0,0.0,10000000.0,1.0
2026-06-18,0.0,0.02477978815580517,0.0,-0.006847131727593769,0.0,-0.01821183170666285,0.0,0.0,0.0,10000000.0,1.0
2026-06-19,0.0,0.0,0.0,-0.00675311336500195,0.0,-0.010840598229523102,0.0,0.0,0.0,10000000.0,1.0
2026-06-22,0.0,-0.001895851605005161,0.0,-0.006773176154283633,0.0,-0.0014023278642547599,0.0,0.0,0.0,10000000.0,1.0
2026-06-23,0.0,-0.03294580970044059,0.0,-0.028097345132743423,0.0,-0.06121884481665396,0.0,0.0,0.0,10000000.0,1.0
2026-06-24,0.0,-0.004315910339866669,0.0,-0.01609512459661755,0.0,-0.04557878943097915,0.0,0.0,0.0,10000000.0,1.0
2026-06-25,0.0,0.007538185921914131,0.0,0.014793342315491564,0.0,0.016955431437364554,0.0,0.0,0.0,10000000.0,1.0
2026-06-26,0.0,-0.010926375977671876,0.0,-0.00036209532494702046,0.0,-0.003315866655458022,0.0,0.0,0.0,10000000.0,1.0
2026-06-29,0.0,0.022546412006516636,0.0,0.0018111324273200058,0.0,-0.008092328453882636,0.0,0.0,0.0,10000000.0,1.0
2026-06-30,0.0,0.016878990007298977,0.0,0.0040978118220531545,0.0,0.0218059853083592,0.0,0.0,0.0,10000000.0,1.0
2026-07-01,0.0,-0.015380613898360873,0.0,-0.008588957055214674,0.0,-0.014456706164095556,0.0,0.0,0.0,10000000.0,1.0
2026-07-02,0.0,-0.016099713217845202,0.0,0.0032285837279379948,0.0,0.005990411588655542,0.0,0.0,0.0,10000000.0,1.0
2026-07-03,0.0,0.0,0.0,-0.0008984123578630321,0.0,0.00997430648493114,0.0,0.0,0.0,10000000.0,1.0
2026-07-06,0.0,0.012651342424099266,0.0,0.002160812787716848,0.0,-0.003125721409113935,0.0,0.0,0.0,10000000.0,1.0
2026-07-07,0.0,-0.01767334764821149,0.0,0.017182268648720855,0.0,-0.033791388198024186,0.0,0.0,0.0,10000000.0,1.0
2026-07-08,0.0,0.0027309950241629632,0.0,-0.019801719484418,0.0,-0.031071293327005978,0.0,0.0,0.0,10000000.0,1.0
2026-07-09,0.0,0.016236309742710286,0.0,0.015191607677738972,0.0,0.040848937591213774,0.0,0.0,0.0,10000000.0,1.0
2026-07-10,0.0,0.003299341289308977,0.0,0.0038105318867425186,0.0,0.01587037529944091,0.0,0.0,0.0,10000000.0,1.0
2026-07-13,0.0,-0.018809863331603505,0.0,-0.01928349238150473,0.0,-0.022556390977443663,0.0,0.0,0.0,10000000.0,1.0
2026-07-14,0.0,0.011009581168923921,0.0,0.01322491768026346,0.0,0.038432817959886956,0.0,0.0,0.0,10000000.0,1.0
2026-07-15,0.0,-0.002828760700967825,0.0,-0.005226226637838338,0.0,-0.016622184116272254,0.0,0.0,0.0,10000000.0,1.0
2026-07-16,0.0,-0.01616203917513015,0.0,-0.0024934995666378024,0.0,-0.032015675024492096,0.0,0.0,0.0,10000000.0,1.0
2026-07-17,0.0,-0.014921632005338248,0.0,-0.017698641856485953,0.0,-0.01552035563647991,0.0,0.0,0.0,10000000.0,1.0
2026-07-20,0.0,0.0004048889263308375,0.0,0.00023134287736104042,0.0,0.008381784375645518,0.0,0.0,0.0,10000000.0,1.0
2026-07-21,0.0,0.019260960014711115,0.0,0.008530496183725367,0.0,0.05860430629945057,0.0,0.0,0.0,10000000.0,1.0
2026-07-22,0.0,-0.005387657285196301,0.0,0.004006583207424974,0.0,0.02171729273417644,0.0,0.0,0.0,10000000.0,1.0
2026-07-23,0.0,-0.018735456295142727,0.0,-0.019146792072556318,0.0,-0.017674729061151195,0.0,0.0,0.0,10000000.0,1.0
2026-07-24,0.0,-0.011442775612355849,0.0,0.0038493150684930644,0.0,-0.011041733621045768,0.0,0.0,0.0,10000000.0,1.0
2026-07-27,0.0,-0.003168689999067942,0.0,0.009456748679739668,0.0,0.003347183213017413,0.0,0.0,0.0,10000000.0,1.0
2026-07-28,0.0,-0.009803643699262676,0.0,-0.003284937951172129,0.0,-0.016087837650259784,0.0,0.0,0.0,10000000.0,1.0
2026-07-29,0.0,-0.020560668238685076,0.0,0.003811151347465902,0.0,-0.015410371080983198,0.0,0.0,0.0,10000000.0,1.0
2026-07-30,0.0,0.033614106168646796,0.0,0.027184780846349232,0.0,0.04559348910073946,0.0,0.0,0.0,10000000.0,1.0
2026-07-31,0.0,0.006031346562537676,0.0,-0.007379248658318405,0.0,-0.009821028878392868,0.0,0.0,0.0,10000000.0,1.0
2026-08-03,0.0,0.017776084440240147,0.0,0.009991651537839763,0.0,0.009572446117508182,0.0,0.0,0.0,10000000.0,1.0
2026-08-04,0.0,0.033233716352936815,0.0,0.004027972761982301,0.0,0.058969215373578354,0.0,0.0,0.0,10000000.0,1.0
2026-08-05,0.0,-0.008252305876434107,0.0,0.021457320579164607,0.0,0.031115694633826463,0.0,0.0,0.0,10000000.0,1.0
2026-08-06,0.0,-0.003881565038578172,0.0,0.007471279072742698,0.0,-0.007055603680966249,0.0,0.0,0.0,10000000.0,1.0
2026-08-07,0.0,0.011890594814211397,0.0,-0.006387301587301608,0.0,0.020853615877069798,0.0,0.0,0.0,10000000.0,1.0
2026-08-10,0.0,-0.0032960866447165893,0.0,-0.0047797359643181325,0.0,0.010882623719661089,0.0,0.0,0.0,10000000.0,1.0
2026-08-11,0.0,-0.0032516813534781974,0.0,-0.01006767429019051,0.0,-0.009711790963705447,0.0,0.0,0.0,10000000.0,1.0
2026-08-12,0.0,0.0073618597074120995,0.0,-0.01293310329619013,0.0,0.0033198751232066392,0.0,0.0,0.0,10000000.0,1.0
2026-08-13,0.0,0.011508760527229045,0.0,-0.00036797560847390276,0.0,-0.034996136202956385,0.0,0.0,0.0,10000000.0,1.0
2026-08-14,0.0,-0.001226023721639491,0.0,0.0009728649558267133,0.0,-0.005575669804489314,0.0,0.0,0.0,10000000.0,1.0
2026-08-17,0.0,-0.0016765048880340583,0.0,0.009522183403819273,0.0,0.022898899602074918,0.0,0.0,0.0,10000000.0,1.0
2026-08-18,0.0,-0.016806036596621277,0.0,-0.0033306011995367646,0.0,-0.022549590254892227,0.0,0.0,0.0,10000000.0,1.0
2026-08-19,0.0,-0.0021907161736675063,0.0,0.00968579894787669,0.0,0.028309242487854824,0.0,0.0,0.0,10000000.0,1.0
2026-08-20,0.0,-0.00709871878480095,0.0,-0.005662645929488397,0.0,0.014135733033370679,0.0,0.0,0.0,10000000.0,1.0
2026-08-21,0.0,0.003389719327763663,0.0,0.01792981498095192,0.0,0.05323243900535268,0.0,0.0,0.0,10000000.0,1.0
2026-08-24,0.0,-0.00973612799422463,0.0,0.02497126069740707,0.0,0.009747212156907104,0.0,0.0,0.0,10000000.0,1.0
2026-08-25,0.0,0.0064102130060657014,0.0,-0.0007352483020749423,0.0,0.01859935105067967,0.0,0.0,0.0,10000000.0,1.0
2026-08-26,0.0,0.0005236569307032202,0.0,-0.020614571122140934,0.0,-0.008267126794212931,0.0,0.0,0.0,10000000.0,1.0
2026-08-27,0.0,0.014270308193491399,0.0,-0.00370544866489253,0.0,0.0005927002275203375,0.0,0.0,0.0,10000000.0,1.0
2026-08-28,0.0,-0.006973440209324777,0.0,-0.004818383988139385,0.0,-0.01773225818779367,0.0,0.0,0.0,10000000.0,1.0
2026-08-31,0.0,0.0008114550638329554,0.0,-0.010980543247929075,0.0,-0.012387659028129105,0.0,0.0,0.0,10000000.0,1.0
2026-09-01,0.0,-0.012868242824431442,0.0,0.004583820283080131,0.0,-0.0367112343704451,0.0,0.0,0.0,10000000.0,1.0
2026-09-02,0.0,0.0022762866904806334,0.0,0.020061269599162435,0.0,0.004842001087814518,0.0,0.0,0.0,10000000.0,1.0
2026-09-03,0.0,0.01170788333808126,0.0,-0.008312741557371828,0.0,0.008005339606285355,0.0,0.0,0.0,10000000.0,1.0
2026-09-04,0.0,0.0022720481978564244,0.0,-0.0054562414546569515,0.0,-0.0009811125735835757,0.0,0.0,0.0,10000000.0,1.0
2026-09-07,0.0,0.0,0.0,0.003918696680028644,0.0,-1.616586174146839e-05,0.0,0.0,0.0,10000000.0,1.0
2026-09-08,0.0,-0.0012251554163116296,0.0,0.004056976848356042,0.0,0.0488984807885835,0.0,0.0,0.0,10000000.0,1.0
2026-09-09,0.0,-0.0029196242020618213,0.0,-0.005914293726259956,0.0,-0.0016298693792625718,0.0,0.0,0.0,10000000.0,1.0
2026-09-10,0.0,-0.010713080463422231,0.0,-0.026221310424413335,0.0,-0.05997136318200602,0.0,0.0,0.0,10000000.0,1.0
2026-09-11,0.0,0.009147654985370846,0.0,-0.003212851405622552,0.0,-0.004183636602509422,0.0,0.0,0.0,10000000.0,1.0
2026-09-14,0.0,-0.008215611808231715,0.0,-0.008797770174766462,0.0,-0.02929305006411065,0.0,0.0,0.0,10000000.0,1.0
2026-09-15,0.0,-0.00643788823104452,0.0,0.010954887719064388,0.0,-0.009182650651534896,0.0,0.0,0.0,10000000.0,1.0
2026-09-16,0.0,0.0002610280091819295,0.0,-0.008265552289175804,0.0,-0.0012345573168954793,0.0,0.0,0.0,10000000.0,1.0
2026-09-17,0.0,0.01734068582408188,0.0,0.008414196464176626,0.0,0.0240134939097143,0.0,0.0,0.0,10000000.0,1.0
2026-09-18,0.0,0.006696264182142642,0.0,-0.0025967863121679757,0.0,0.00610254454312642,0.0,0.0,0.0,10000000.0,1.0
2026-09-21,0.0,0.028347187062613743,0.0,0.007519890043084176,0.0,0.012306025953467081,0.0,0.0,0.0,10000000.0,1.0
