date,asset,price,p_up,base_rate,pred_fwd_ret_exec,threshold,return_skill,signal_position,actual_fwd_ret_exec,actual_up_exec,p_logit,p_rf,p_hgb,p_gb
2025-09-22,COPPER_MINERS_TR,1444.95,0.47619047619047616,0.47619047619047616,-0.027172499454972163,1.0,-1.9197302266157381,0.0,0.0610189573459714,1.0,0.46006641958127537,0.5352873985899779,0.6705640786895345,0.5636526621077166
2025-09-23,COPPER_MINERS_TR,1451.68,0.47619047619047616,0.47619047619047616,-0.03341047621630056,1.0,-1.9197302266157381,0.0,0.06360414300953177,1.0,0.40108433498277446,0.508336226804125,0.41362391852161223,0.42874132675342663
2025-09-24,COPPER_MINERS_TR,1453.05,0.47619047619047616,0.47619047619047616,-0.03376004182219609,1.0,-1.9197302266157381,0.0,0.07594575203917442,1.0,0.3131945731181724,0.5156456871166767,0.48635011262275674,0.40871592001925955
2025-09-25,COPPER_MINERS_TR,1435.63,0.47619047619047616,0.47619047619047616,-0.026658958282437296,1.0,-1.9197302266157381,0.0,0.07842746644318366,1.0,0.27775144438051774,0.527706716988759,0.43357054859994226,0.4467310291851338
2025-09-26,COPPER_MINERS_TR,1455.74,0.47619047619047616,0.47619047619047616,-0.024031225689037105,1.0,-1.9197302266157381,0.0,0.03720082390644852,1.0,0.30937615951781505,0.5334719729522506,0.5930322762236935,0.5623523168806286
2025-09-29,COPPER_MINERS_TR,1519.59,0.47619047619047616,0.47619047619047616,-0.023629266689730845,1.0,-1.9197302266157381,0.0,0.027462895874722504,1.0,0.21426596756956687,0.5239930349825447,0.4817054285671896,0.5556456709361994
2025-09-30,COPPER_MINERS_TR,1540.26,0.47619047619047616,0.47619047619047616,-0.035162475307983256,1.0,-1.9197302266157381,0.0,0.06465347111234765,1.0,0.1564930077104425,0.5394867463880477,0.3848199486566206,0.5314447123364903
2025-10-01,COPPER_MINERS_TR,1545.47,0.4780058651026393,0.4780058651026393,-0.012270125509038166,1.0,-3.1902642785850093,0.0,0.07059806041458949,1.0,0.39513703458681226,0.6244573679441087,0.811384628404229,0.596052449183334
2025-10-02,COPPER_MINERS_TR,1544.66,0.4780058651026393,0.4780058651026393,-0.004211147184991491,1.0,-3.1902642785850093,0.0,0.014064500512768197,1.0,0.39748214671852755,0.6324733742573491,0.7604841075920744,0.6530663942012466
2025-10-03,COPPER_MINERS_TR,1569.91,0.4780058651026393,0.4780058651026393,-0.003149207376059301,1.0,-3.1902642785850093,0.0,0.04113899956856093,1.0,0.38703085381581026,0.6622756205467748,0.8374116832178171,0.6576996155468662
2025-10-06,COPPER_MINERS_TR,1576.12,0.4780058651026393,0.4780058651026393,-0.020545535629719655,1.0,-3.1902642785850093,0.0,0.02706374481852203,1.0,0.24469467756264218,0.6403711381681951,0.824051546613603,0.6733073720268844
2025-10-07,COPPER_MINERS_TR,1582.56,0.4780058651026393,0.4780058651026393,-0.02384271434937283,1.0,-3.1902642785850093,0.0,-0.0033852156631559716,0.0,0.21721711117240347,0.627862542778582,0.8473985099743185,0.6857479884075328
2025-10-08,COPPER_MINERS_TR,1645.39,0.4780058651026393,0.4780058651026393,-0.029039664097051835,1.0,-3.1902642785850093,0.0,-0.016030622055862254,0.0,0.24804301914262444,0.6117702338978038,0.6518832234414441,0.5802452366293973
2025-10-09,COPPER_MINERS_TR,1653.71,0.4780058651026393,0.4780058651026393,-0.02802052282881568,1.0,-3.1902642785850093,0.0,-0.008373168173166912,0.0,0.12444557430747642,0.612489416630432,0.5812240182647243,0.6025215674825676
2025-10-10,COPPER_MINERS_TR,1591.99,0.4780058651026393,0.4780058651026393,0.0017689443496178908,1.0,-3.1902642785850093,0.0,-0.01797728159126366,0.0,0.5515137705476846,0.6389480275631029,0.8457925941826065,0.7527516748571902
2025-10-13,COPPER_MINERS_TR,1640.96,0.4780058651026393,0.4780058651026393,-0.014813427185894273,1.0,-3.1902642785850093,0.0,-0.04359569088034265,0.0,0.31082481056140265,0.6149301801439131,0.8604908798868862,0.7599414381473267
2025-10-14,COPPER_MINERS_TR,1625.39,0.4780058651026393,0.4780058651026393,-0.0037129384128606335,1.0,-3.1902642785850093,0.0,-0.060890829481284436,0.0,0.6105936163618995,0.6108393791301374,0.8693725078737726,0.7756266378335189
2025-10-15,COPPER_MINERS_TR,1639.82,0.4780058651026393,0.4780058651026393,0.010890193395125081,1.0,-3.1902642785850093,0.0,-0.04169124877089492,0.0,0.7219754262646996,0.6344196587269987,0.8679542186306485,0.749954403341129
2025-10-16,COPPER_MINERS_TR,1627.2,0.4780058651026393,0.4780058651026393,0.02379234390559238,1.0,-3.1902642785850093,0.0,-0.0028188463633714855,0.0,0.8310023463681074,0.6812619551905379,0.879986799806243,0.8036088529632754
2025-10-17,COPPER_MINERS_TR,1578.66,0.4780058651026393,0.4780058651026393,0.044243705997787916,1.0,-3.1902642785850093,0.0,-0.02417062787782509,0.0,0.8826294363417714,0.6273387953559462,0.9059081752870791,0.7529855245178418
2025-10-20,COPPER_MINERS_TR,1611.46,0.4780058651026393,0.4780058651026393,0.02336314996370282,1.0,-3.1902642785850093,0.0,0.024380359336905855,1.0,0.7986449245429724,0.6295030250852688,0.8838518301746385,0.7555852820770873
2025-10-21,COPPER_MINERS_TR,1554.53,0.4780058651026393,0.4780058651026393,0.04425700603462618,1.0,-3.1902642785850093,0.0,0.05489717332155819,1.0,0.9564953780828829,0.5966345286735621,0.9164444479600979,0.7899301498592277
2025-10-22,COPPER_MINERS_TR,1539.97,0.4780058651026393,0.4780058651026393,0.04880174300926102,1.0,-3.1902642785850093,0.0,0.028428329571106303,1.0,0.9736099000211534,0.5730448935781958,0.9136278166063104,0.7662583545664136
2025-10-23,COPPER_MINERS_TR,1559.36,0.4780058651026393,0.4780058651026393,0.04261450783982719,1.0,-3.1902642785850093,0.0,0.017608832366710958,1.0,0.9789069394275779,0.5549679963742271,0.9208268995907452,0.6524653431647535
2025-10-24,COPPER_MINERS_TR,1574.21,0.4780058651026393,0.4780058651026393,0.03129188609158075,1.0,-3.1902642785850093,0.0,0.0026645299552945367,1.0,0.8939057189922469,0.5294905141839048,0.9027662694843064,0.632359262212999
2025-10-27,COPPER_MINERS_TR,1572.51,0.4780058651026393,0.4780058651026393,0.028960140899191283,1.0,-3.1902642785850093,0.0,-0.04879963326488446,0.0,0.9220175825028547,0.5494852381637244,0.9026095267409423,0.6336269150462852
2025-10-28,COPPER_MINERS_TR,1592.43,0.4780058651026393,0.4780058651026393,0.0398934813040394,1.0,-3.1902642785850093,0.0,-0.052637410665369866,0.0,0.935224135432575,0.5306813172891919,0.8370972893868756,0.5906624426414839
2025-10-29,COPPER_MINERS_TR,1624.51,0.4780058651026393,0.4780058651026393,0.0379430360424057,1.0,-3.1902642785850093,0.0,-0.03328573477417707,0.0,0.936468027065484,0.47257851045390237,0.6775785394338576,0.4691840747230294
2025-10-30,COPPER_MINERS_TR,1603.69,0.4780058651026393,0.4780058651026393,0.041712911141344206,1.0,-3.1902642785850093,0.0,-0.021436642050526644,0.0,0.8957372142347102,0.4572001020766816,0.5552502043895022,0.4674018342525244
2025-10-31,COPPER_MINERS_TR,1601.93,0.4780058651026393,0.4780058651026393,0.04273812740837209,1.0,-3.1902642785850093,0.0,0.020625356757785207,1.0,0.9705149541855674,0.45502320404470725,0.7022992564537937,0.5452056871635441
2025-11-03,COPPER_MINERS_TR,1576.7,0.4972067039106145,0.4972067039106145,0.043011949675913555,1.0,-4.044384679868084,0.0,0.06244058307806055,1.0,0.9724160267498052,0.4401660855129354,0.7338910341782932,0.4148238901082197
2025-11-04,COPPER_MINERS_TR,1514.72,0.4972067039106145,0.4972067039106145,0.029849282270407326,1.0,-4.044384679868084,0.0,0.06317738791423011,1.0,0.9322841681647033,0.4929916023496732,0.6879388266631018,0.6055946326511599
2025-11-05,COPPER_MINERS_TR,1539.0,0.4972067039106145,0.4972067039106145,0.013381793860101538,1.0,-4.044384679868084,0.0,0.033561029729537895,1.0,0.8487398155206065,0.47896294100305226,0.5829550548201529,0.5552371029994873
2025-11-06,COPPER_MINERS_TR,1550.31,0.4972067039106145,0.4972067039106145,0.03192818879208844,1.0,-4.044384679868084,0.0,0.011916381196613868,1.0,0.9673084168651581,0.4877459819150117,0.6539066502658772,0.6075370820674156
2025-11-07,COPPER_MINERS_TR,1567.59,0.4972067039106145,0.4972067039106145,0.04388888178362391,1.0,-4.044384679868084,0.0,-0.030145039211543434,0.0,0.9837929955938023,0.5048448203474986,0.5046116164246621,0.6470061770940198
2025-11-10,COPPER_MINERS_TR,1609.22,0.4972067039106145,0.4972067039106145,0.024749942498232973,1.0,-4.044384679868084,0.0,-0.04901509973280305,0.0,0.9099168788793911,0.48690220235100945,0.3373343726606306,0.5522734478184536
2025-11-11,COPPER_MINERS_TR,1609.3,0.4972067039106145,0.4972067039106145,0.0232571850588235,1.0,-4.044384679868084,0.0,-0.044296950917658284,0.0,0.8664941658499224,0.4555252509664406,0.5043584501267169,0.5121829120237285
2025-11-12,COPPER_MINERS_TR,1636.23,0.4972067039106145,0.4972067039106145,0.030058977694315994,1.0,-4.044384679868084,0.0,-0.05452026411373356,0.0,0.8992474839445903,0.5236226905132734,0.5485176711910997,0.6201512931679692
2025-11-13,COPPER_MINERS_TR,1602.34,0.4972067039106145,0.4972067039106145,0.038773837073357985,1.0,-4.044384679868084,0.0,-0.04341001216690721,0.0,0.9373532518271059,0.5657258069616586,0.5836077369091797,0.6751960737610607
2025-11-14,COPPER_MINERS_TR,1586.27,0.4972067039106145,0.4972067039106145,0.05508118941994892,1.0,-4.044384679868084,0.0,-0.0010443964605852951,0.0,0.9748644338746232,0.5279548492615249,0.5830616880896385,0.6534301233152459
2025-11-17,COPPER_MINERS_TR,1560.71,0.4972067039106145,0.4972067039106145,0.08359599184985109,1.0,-4.044384679868084,0.0,0.03429124031311659,1.0,0.9956463058406358,0.5879508957926138,0.7909063501483405,0.7684338559386941
2025-11-18,COPPER_MINERS_TR,1530.42,0.4972067039106145,0.4972067039106145,0.09252469860814978,1.0,-4.044384679868084,0.0,0.03799840127897691,1.0,0.9975376829934824,0.5921609807302771,0.6605397906347757,0.783000290105915
2025-11-19,COPPER_MINERS_TR,1563.75,0.4972067039106145,0.4972067039106145,0.07055334332936701,1.0,-4.044384679868084,0.0,0.07260821925041916,1.0,0.9898130550395328,0.5444150921913076,0.5936765377308304,0.715681757931303
2025-11-20,COPPER_MINERS_TR,1514.98,0.4972067039106145,0.4972067039106145,0.0786945079494743,1.0,-4.044384679868084,0.0,0.10031566946309822,1.0,0.992072847572094,0.574073519101628,0.5784386792723611,0.6811403595606426
2025-11-21,COPPER_MINERS_TR,1517.41,0.4972067039106145,0.4972067039106145,0.06387539206844152,1.0,-4.044384679868084,0.0,0.08195859096390179,1.0,0.967321702926536,0.5597614868949568,0.57245151415333,0.687386919652075
2025-11-24,COPPER_MINERS_TR,1559.08,0.4972067039106145,0.4972067039106145,0.03699947463731462,1.0,-4.044384679868084,0.0,0.05959315180996905,1.0,0.9248373234455596,0.5179973347531578,0.6231063453038743,0.6112004036206234
2025-11-25,COPPER_MINERS_TR,1582.9,0.4972067039106145,0.4972067039106145,0.04468461695877558,1.0,-4.044384679868084,0.0,0.07370146072192063,1.0,0.9564658109676979,0.5743537754384388,0.7890987739608849,0.6886654110977946
2025-11-26,COPPER_MINERS_TR,1623.17,0.4972067039106145,0.4972067039106145,0.03934246333030585,1.0,-4.044384679868084,0.0,0.07784711196445504,1.0,0.9603858393987753,0.5897390675184967,0.8722149962708398,0.7047239143186664
2025-11-27,COPPER_MINERS_TR,1624.98,0.4972067039106145,0.4972067039106145,0.03156667157370906,1.0,-4.044384679868084,0.0,0.05803681055084042,1.0,0.9039293891994374,0.5803980287835411,0.829708851900021,0.7053305638902256
2025-11-28,COPPER_MINERS_TR,1669.63,0.4972067039106145,0.4972067039106145,0.04441855390449208,1.0,-4.044384679868084,0.0,0.036701326725395056,1.0,0.9612618743095843,0.5708832388249108,0.809549585188579,0.6499456924256181
2025-12-01,COPPER_MINERS_TR,1686.86,0.5067024128686327,0.5067024128686327,-0.006888784608147854,1.0,-3.870519920241134,0.0,0.03640526344031514,1.0,0.36117495612024403,0.49705326360396307,0.6704079252293207,0.523964358125585
2025-12-02,COPPER_MINERS_TR,1677.23,0.5067024128686327,0.5067024128686327,0.004010594608391935,1.0,-3.870519920241134,0.0,0.01448244204728022,1.0,0.5426177779983741,0.5039247906973631,0.703584079023907,0.4986020995593356
2025-12-03,COPPER_MINERS_TR,1742.8,0.5067024128686327,0.5067024128686327,0.0032549517444635818,1.0,-3.870519920241134,0.0,0.031019480667778154,1.0,0.5020698455586512,0.4836844136590554,0.5919710660007176,0.4504317876095448
2025-12-04,COPPER_MINERS_TR,1751.48,0.5067024128686327,0.5067024128686327,-0.020150906938127357,1.0,-3.870519920241134,0.0,0.013919944750443003,1.0,0.22221495435223065,0.44779895428875743,0.3548731209802701,0.36191844360688125
2025-12-05,COPPER_MINERS_TR,1766.53,0.5067024128686327,0.5067024128686327,-0.033146494831062474,1.0,-3.870519920241134,0.0,0.03272014044156757,1.0,0.06944319921600499,0.4197361398492864,0.42234965234564503,0.3915375354349754
2025-12-08,COPPER_MINERS_TR,1748.77,0.5067024128686327,0.5067024128686327,-0.020439957411160278,1.0,-3.870519920241134,0.0,0.0335329548004073,1.0,0.12117780873999406,0.466934719992567,0.6050346124550281,0.4613018517333216
2025-12-09,COPPER_MINERS_TR,1738.29,0.5067024128686327,0.5067024128686327,-0.015029633773534525,1.0,-3.870519920241134,0.0,0.023325264134295587,1.0,0.12946312616164335,0.49536626304957043,0.7265088343060871,0.5991310259727581
2025-12-10,COPPER_MINERS_TR,1768.04,0.5067024128686327,0.5067024128686327,-0.024047806116373804,1.0,-3.870519920241134,0.0,0.009774007232211668,1.0,0.09394979900070825,0.4877684523930585,0.7223637319724772,0.5873333914354476
2025-12-11,COPPER_MINERS_TR,1805.81,0.5067024128686327,0.5067024128686327,-0.006710681590513038,1.0,-3.870519920241134,0.0,0.034386305775157444,1.0,0.19128764184335614,0.48990039932209756,0.5654558105131373,0.4931383631812651
2025-12-12,COPPER_MINERS_TR,1791.12,0.5067024128686327,0.5067024128686327,0.0037103876347024233,1.0,-3.870519920241134,0.0,0.05415312377144943,1.0,0.5688205025170735,0.4873879683189607,0.4622772569769342,0.5089047364162093
2025-12-15,COPPER_MINERS_TR,1805.99,0.5067024128686327,0.5067024128686327,0.014629182217715121,1.0,-3.870519920241134,0.0,0.07952888265482194,1.0,0.5516857024603439,0.4821892134800705,0.4053921649975934,0.4364041678048165
2025-12-16,COPPER_MINERS_TR,1796.58,0.5067024128686327,0.5067024128686327,0.007884360575290293,1.0,-3.870519920241134,0.0,0.07204523346303504,1.0,0.3376586899861833,0.5056778680574217,0.5955795727134978,0.4766747803580262
2025-12-17,COPPER_MINERS_TR,1809.28,0.5067024128686327,0.5067024128686327,0.011139188051455551,1.0,-3.870519920241134,0.0,0.06370855406754194,1.0,0.3914187090904177,0.5235654383597276,0.6370392819461873,0.5257754160678153
2025-12-18,COPPER_MINERS_TR,1823.46,0.5067024128686327,0.5067024128686327,-0.01086463403804359,1.0,-3.870519920241134,0.0,0.05851968197937074,1.0,0.20155564314194024,0.45913002906752165,0.35018335629270464,0.3589590809745667
2025-12-19,COPPER_MINERS_TR,1852.71,0.5067024128686327,0.5067024128686327,-0.01694594531888868,1.0,-3.870519920241134,0.0,0.01750718304014609,1.0,0.16108226275937942,0.4336650085962631,0.3258807408494156,0.3170622295838063
2025-12-22,COPPER_MINERS_TR,1903.79,0.5067024128686327,0.5067024128686327,-0.02115037171018588,1.0,-3.870519920241134,0.0,0.00970373196662977,1.0,0.1275020088565155,0.45005933625215144,0.38532554798533497,0.3346622877069555
2025-12-23,COPPER_MINERS_TR,1939.46,0.5067024128686327,0.5067024128686327,-0.03879390317471085,1.0,-3.870519920241134,0.0,0.002753102395817608,1.0,0.037608135845548375,0.4319919856732749,0.20194532924886513,0.261890770706331
2025-12-24,COPPER_MINERS_TR,1939.63,0.5067024128686327,0.5067024128686327,-0.019233428874149187,1.0,-3.870519920241134,0.0,0.002851059222635177,1.0,0.1364264605169163,0.47739657713430717,0.5573359657915807,0.4151924019061366
2025-12-25,COPPER_MINERS_TR,1939.63,0.5067024128686327,0.5067024128686327,-0.027057033959569158,1.0,-3.870519920241134,0.0,0.005751785960135258,1.0,0.08947077848812306,0.4796165207446339,0.5310286390314043,0.40973069900747966
2025-12-26,COPPER_MINERS_TR,1961.13,0.5067024128686327,0.5067024128686327,-0.025774496662052625,1.0,-3.870519920241134,0.0,0.0627529528372015,1.0,0.08284769863956311,0.47263029137582246,0.6181900702766122,0.379594242932174
2025-12-29,COPPER_MINERS_TR,1937.12,0.5067024128686327,0.5067024128686327,-0.017662639527023443,1.0,-3.870519920241134,0.0,0.07419265886390103,1.0,0.15445420273033963,0.47775528717755067,0.5411702841911331,0.42365493829462686
2025-12-30,COPPER_MINERS_TR,1958.28,0.5067024128686327,0.5067024128686327,-0.012779048263018962,1.0,-3.870519920241134,0.0,0.06136341434572268,1.0,0.2250926545093949,0.4895398108330115,0.5045490386036786,0.4700201804057174
2025-12-31,COPPER_MINERS_TR,1944.97,0.5067024128686327,0.5067024128686327,-0.009238732382565791,1.0,-3.870519920241134,0.0,0.04567233543770177,1.0,0.15722838110550358,0.4885860356692774,0.5668902617459316,0.4921241774918327
2026-01-01,COPPER_MINERS_TR,1945.16,0.5051282051282051,0.5051282051282051,0.02207361333976168,1.0,-3.380991217097592,0.0,0.05850710552065741,1.0,0.7976453648648979,0.6713689015572811,0.9518998238456435,0.8399790961618663
2026-01-02,COPPER_MINERS_TR,1972.41,0.5051282051282051,0.5051282051282051,0.0173628255011432,1.0,-3.380991217097592,0.0,0.04495113373618054,1.0,0.7225731416242384,0.6693642115314393,0.9499858997580424,0.8399726251042576
2026-01-05,COPPER_MINERS_TR,2058.68,0.5051282051282051,0.5051282051282051,0.0032920693660503804,1.0,-3.380991217097592,0.0,0.024910033894759653,1.0,0.5866166670482839,0.6728196790416348,0.9596989183807711,0.866171776376824
2026-01-06,COPPER_MINERS_TR,2103.57,0.5051282051282051,0.5051282051282051,0.005648463535265619,1.0,-3.380991217097592,0.0,0.06692276391257157,1.0,0.7011927540771656,0.7067699281449897,0.8068999753381473,0.7885244653359492
2026-01-07,COPPER_MINERS_TR,2064.32,0.5051282051282051,0.5051282051282051,0.002497073479090166,1.0,-3.380991217097592,0.0,0.08303834808259603,1.0,0.5212519382713053,0.6910388052502964,0.7722197364419602,0.8256105038945158
2026-01-08,COPPER_MINERS_TR,2034.0,0.5051282051282051,0.5051282051282051,-0.004302296647133407,1.0,-3.380991217097592,0.0,0.038801423501180876,1.0,0.543667872330511,0.642259352342098,0.8321517845353311,0.8242979723554432
2026-01-09,COPPER_MINERS_TR,2087.81,0.5051282051282051,0.5051282051282051,-0.015373975726448542,1.0,-3.380991217097592,0.0,0.011886278483837165,1.0,0.3440030157312785,0.6109483459952438,0.45498279889776005,0.6729167752135701
2026-01-12,COPPER_MINERS_TR,2151.22,0.5051282051282051,0.5051282051282051,0.0026908437157037047,1.0,-3.380991217097592,0.0,0.02042700037570122,1.0,0.6193946626041562,0.6417291855437499,0.565553421760507,0.7186170073545075
2026-01-13,COPPER_MINERS_TR,2155.97,0.5051282051282051,0.5051282051282051,0.005364054490170493,1.0,-3.380991217097592,0.0,0.011328190622346801,1.0,0.6682261965920079,0.6529279515033404,0.6167538704931472,0.7221547281999626
2026-01-14,COPPER_MINERS_TR,2202.47,0.5051282051282051,0.5051282051282051,-0.0020907789215641364,1.0,-3.380991217097592,0.0,-0.014480911525716178,0.0,0.43423352921292174,0.6367986187655483,0.5651059391570842,0.6693060141450001
2026-01-15,COPPER_MINERS_TR,2202.9,0.5051282051282051,0.5051282051282051,0.007416463515434931,1.0,-3.380991217097592,0.0,0.03820049612231524,1.0,0.3496421088499031,0.6225202259249542,0.43505293324155925,0.6351364327459028
2026-01-16,COPPER_MINERS_TR,2168.82,0.5051282051282051,0.5051282051282051,0.005539562880242011,1.0,-3.380991217097592,0.0,0.0656471225979538,1.0,0.527897639216736,0.5960523829025741,0.5898970033125776,0.6731195630668146
2026-01-19,COPPER_MINERS_TR,2176.79,0.5051282051282051,0.5051282051282051,0.013765302519691274,1.0,-3.380991217097592,0.0,0.07234967113785817,1.0,0.74562951262958,0.6130107943425351,0.6395889487879872,0.6810589728549583
2026-01-20,COPPER_MINERS_TR,2200.01,0.5051282051282051,0.5051282051282051,0.02402245540105515,1.0,-3.380991217097592,0.0,0.07472771188190808,1.0,0.7165328295708404,0.6607519372840904,0.6881714971386598,0.7497312894879954
2026-01-21,COPPER_MINERS_TR,2227.42,0.5051282051282051,0.5051282051282051,0.004949814455965922,1.0,-3.380991217097592,0.0,0.13137263933671117,1.0,0.4748252500354951,0.6502893757363695,0.7148050018733272,0.7632472236499622
2026-01-22,COPPER_MINERS_TR,2171.0,0.5051282051282051,0.5051282051282051,0.014395912622232292,1.0,-3.380991217097592,0.0,0.00802071351485778,1.0,0.7373066763983781,0.6408907744778102,0.5013249976844703,0.7259220630935954
2026-01-23,COPPER_MINERS_TR,2251.67,0.5051282051282051,0.5051282051282051,0.011808777848557965,1.0,-3.380991217097592,0.0,-0.027253641650393012,0.0,0.6893280917993815,0.652658028825397,0.4294613928720518,0.7160263709549477
2026-01-26,COPPER_MINERS_TR,2319.69,0.5051282051282051,0.5051282051282051,0.029308201489216732,1.0,-3.380991217097592,0.0,0.021113268169448585,1.0,0.7924345482118016,0.6643741595386539,0.49728304623294983,0.7290042160525303
2026-01-27,COPPER_MINERS_TR,2359.18,0.5051282051282051,0.5051282051282051,0.034376724737311626,1.0,-3.380991217097592,0.0,-0.03970558133900326,0.0,0.927437391156319,0.6574141525014084,0.5522649172107589,0.7914236377001209
2026-01-28,COPPER_MINERS_TR,2393.87,0.5051282051282051,0.5051282051282051,0.03297227536034531,1.0,-3.380991217097592,0.0,-0.10859006355319789,0.0,0.8930586573641411,0.6429394934450995,0.6034000299194803,0.7936844176350767
2026-01-29,COPPER_MINERS_TR,2456.21,0.5051282051282051,0.5051282051282051,0.025924672097415082,1.0,-3.380991217097592,0.0,-0.012842937265665988,0.0,0.7728173727161944,0.6692895455038592,0.8067807636551314,0.8175009822464843
2026-01-30,COPPER_MINERS_TR,2269.73,0.5051282051282051,0.5051282051282051,0.04998981921514323,1.0,-3.380991217097592,0.0,0.03902555761875859,1.0,0.9437707099394302,0.6220850213438542,0.809018895542576,0.7579755173724323
2026-02-02,COPPER_MINERS_TR,2256.47,0.5061425061425061,0.5061425061425061,0.07188255993121118,1.0,-3.3454267005751896,0.0,-0.03921560488005338,0.0,0.9687727616540165,0.6951617381888805,0.9108653951242169,0.8269892052559972
2026-02-03,COPPER_MINERS_TR,2408.99,0.5061425061425061,0.5061425061425061,0.0637182090181584,1.0,-3.3454267005751896,0.0,0.03403050260568463,1.0,0.9462764485462811,0.6950010509948833,0.8727922919418032,0.7842305679524777
2026-02-04,COPPER_MINERS_TR,2298.82,0.5061425061425061,0.5061425061425061,0.07562649118170228,1.0,-3.3454267005751896,0.0,0.048860693586177506,1.0,0.9592399002969798,0.6750492601063135,0.8911577939711816,0.8099651756829823
2026-02-05,COPPER_MINERS_TR,2189.49,0.5061425061425061,0.5061425061425061,0.08379885578785543,1.0,-3.3454267005751896,0.0,0.026876969356149027,1.0,0.9815039271591446,0.6401085647554079,0.8910698626314592,0.7957343454314131
2026-02-06,COPPER_MINERS_TR,2240.58,0.5061425061425061,0.5061425061425061,0.04989039327663913,1.0,-3.3454267005751896,0.0,-0.01909124643318716,0.0,0.8627637584058059,0.630973130888648,0.7871330065557375,0.7359485282094553
2026-02-09,COPPER_MINERS_TR,2344.53,0.5061425061425061,0.5061425061425061,0.027821348737952774,1.0,-3.3454267005751896,0.0,-0.041148920726543636,0.0,0.7401210407342362,0.5948448113260765,0.564687547269528,0.6375899560377369
2026-02-10,COPPER_MINERS_TR,2314.52,0.5061425061425061,0.5061425061425061,0.044977348519155205,1.0,-3.3454267005751896,0.0,-0.04190908899686596,0.0,0.8860286959491779,0.6054562262829494,0.7711782924345848,0.6738313612811925
2026-02-11,COPPER_MINERS_TR,2377.05,0.5061425061425061,0.5061425061425061,0.04228029047650703,1.0,-3.3454267005751896,0.0,-0.01547157158595569,0.0,0.9126322327419614,0.6282300609411852,0.6855848834771542,0.7350780564106574
2026-02-12,COPPER_MINERS_TR,2296.47,0.5061425061425061,0.5061425061425061,0.06002668726311729,1.0,-3.3454267005751896,0.0,0.006771557719054133,1.0,0.9373697110413391,0.6532575911871242,0.7234010600061604,0.7799608920344532
2026-02-13,COPPER_MINERS_TR,2300.8,0.5061425061425061,0.5061425061425061,0.06283453516227577,1.0,-3.3454267005751896,0.0,0.02461985328967664,1.0,0.971527111710877,0.6706163530058763,0.7954386494653247,0.7984420221036188
2026-02-16,COPPER_MINERS_TR,2299.77,0.5061425061425061,0.5061425061425061,0.062057882750619416,1.0,-3.3454267005751896,0.0,0.09458473018276181,1.0,0.9892408100750355,0.6869370256429774,0.8717534408285106,0.8354359356162776
2026-02-17,COPPER_MINERS_TR,2219.28,0.5061425061425061,0.5061425061425061,0.07146835105661084,1.0,-3.3454267005751896,0.0,0.09010595276254385,1.0,0.9869054518379188,0.6718282535004007,0.8921881450709215,0.8113384206640465
2026-02-18,COPPER_MINERS_TR,2277.43,0.5061425061425061,0.5061425061425061,0.06395737509053834,1.0,-3.3454267005751896,0.0,0.08898068944775184,1.0,0.9783155244755457,0.630206090056474,0.8838811628931712,0.7958575786869185
2026-02-19,COPPER_MINERS_TR,2260.94,0.5061425061425061,0.5061425061425061,0.05785757007039938,1.0,-3.3454267005751896,0.0,0.06400935943152675,1.0,0.9420872043050046,0.5970534711890678,0.49346126251054234,0.6045181716368406
2026-02-20,COPPER_MINERS_TR,2316.38,0.5061425061425061,0.5061425061425061,0.0690082404097631,1.0,-3.3454267005751896,0.0,0.03115358663039669,1.0,0.9793940789938897,0.6434264857854605,0.8087094547074338,0.8067543072836397
2026-02-23,COPPER_MINERS_TR,2356.39,0.5061425061425061,0.5061425061425061,0.08088511875400314,1.0,-3.3454267005751896,0.0,-0.05700665653983428,0.0,0.9912450833052586,0.6198955544758943,0.6020221807557614,0.7526745940809375
2026-02-24,COPPER_MINERS_TR,2429.19,0.5061425061425061,0.5061425061425061,0.06797251343117783,1.0,-3.3454267005751896,0.0,-0.0680888086875262,0.0,0.9747606688260476,0.6747169512792806,0.7796302629240219,0.821375638563966
2026-02-25,COPPER_MINERS_TR,2482.64,0.5061425061425061,0.5061425061425061,0.06062950275221957,1.0,-3.3454267005751896,0.0,-0.11194417818790303,0.0,0.9579471644949414,0.7148448760723005,0.8519162193494344,0.8311081426680161
2026-02-26,COPPER_MINERS_TR,2462.12,0.5061425061425061,0.5061425061425061,0.05233038057679817,1.0,-3.3454267005751896,0.0,-0.14676728947315032,0.0,0.9456162469028089,0.6833517219982662,0.8298446659249918,0.8461249067502481
2026-02-27,COPPER_MINERS_TR,2464.65,0.5061425061425061,0.5061425061425061,0.07020875751629309,1.0,-3.3454267005751896,0.0,-0.13147995719812344,0.0,0.9658236722460783,0.6724234646491493,0.7844801761223931,0.8289333356451009
2026-03-02,COPPER_MINERS_TR,2429.8,0.5023696682464455,0.5023696682464455,0.10358761848335754,1.0,-3.400159826874787,0.0,-0.04986663523536372,0.0,0.9950690681509321,0.6291295290159697,0.8065437147792199,0.7444088031496757
2026-03-03,COPPER_MINERS_TR,2290.71,0.5023696682464455,0.5023696682464455,0.13219348473036183,1.0,-3.400159826874787,0.0,-0.06653699861687412,0.0,0.9994399426931636,0.6880457231128512,0.9443418344806338,0.8194691999537336
2026-03-04,COPPER_MINERS_TR,2313.6,0.5023696682464455,0.5023696682464455,0.14984583234578078,1.0,-3.400159826874787,0.0,-0.043228904642122146,0.0,0.999924253618932,0.6388986311603513,0.84062095991151,0.7901389146255632
2026-03-05,COPPER_MINERS_TR,2186.5,0.5023696682464455,0.5023696682464455,0.15538634221963632,1.0,-3.400159826874787,0.0,-0.04926958705038709,0.0,0.9999799953758224,0.6819673649388421,0.9158779549081645,0.8560377961453444
2026-03-06,COPPER_MINERS_TR,2102.92,0.5023696682464455,0.5023696682464455,0.1654071984911856,1.0,-3.400159826874787,0.0,-0.0393872048447399,0.0,0.9999778985136324,0.6845485395254343,0.9235723606531918,0.8762442286858216
2026-03-09,COPPER_MINERS_TR,2110.33,0.5023696682464455,0.5023696682464455,0.16012839719368405,1.0,-3.400159826874787,0.0,-0.06893240461662864,0.0,0.9999653617380885,0.6889254639714092,0.9264516997636147,0.8990331937225238
2026-03-10,COPPER_MINERS_TR,2176.48,0.5023696682464455,0.5023696682464455,0.20765847891547506,1.0,-3.400159826874787,0.0,-0.10094181491531062,0.0,0.9999972420043264,0.6821583566711662,0.924530354688937,0.8866983669654048
2026-03-11,COPPER_MINERS_TR,2159.66,0.5023696682464455,0.5023696682464455,0.2212070737457352,1.0,-3.400159826874787,0.0,-0.11375347756670717,0.0,0.9999931394469475,0.6727263351813757,0.9384983250361106,0.8872832088898962
2026-03-12,COPPER_MINERS_TR,2091.98,0.5023696682464455,0.5023696682464455,0.2402687541461746,1.0,-3.400159826874787,0.0,-0.10199518833997723,0.0,0.9999936586112191,0.6556933311022656,0.9268567762133734,0.8393380673163922
2026-03-13,COPPER_MINERS_TR,1999.31,0.5023696682464455,0.5023696682464455,0.25941075517766976,1.0,-3.400159826874787,0.0,-0.07299687748185935,0.0,0.9999988047489328,0.6888234411259243,0.939322313374242,0.8703666078049117
2026-03-16,COPPER_MINERS_TR,2027.21,0.5023696682464455,0.5023696682464455,0.269170870558408,1.0,-3.400159826874787,0.0,-0.062207308347109413,0.0,0.999999190812507,0.6781828021494369,0.9376231804285169,0.8854833281064621
2026-03-17,COPPER_MINERS_TR,2026.45,0.5023696682464455,0.5023696682464455,0.23724302948287657,1.0,-3.400159826874787,0.0,0.008899601372021948,1.0,0.9999961290841044,0.6496670560350223,0.9154920180688774,0.8974561950387856
2026-03-18,COPPER_MINERS_TR,1941.66,0.5023696682464455,0.5023696682464455,0.2400036011925284,1.0,-3.400159826874787,0.0,0.011979439161601046,1.0,0.9999952319371939,0.663613862310093,0.9544229998478778,0.8910311604802159
2026-03-19,COPPER_MINERS_TR,1854.01,0.5023696682464455,0.5023696682464455,0.2398204491533214,1.0,-3.400159826874787,0.0,0.05213351973665881,1.0,0.9999977572727473,0.6510519696667798,0.9485770067259242,0.8675563610524131
2026-03-20,COPPER_MINERS_TR,1795.39,0.5023696682464455,0.5023696682464455,0.25506230832451104,1.0,-3.400159826874787,0.0,-0.011637745246723452,0.0,0.9999995702866132,0.6418345790747414,0.8955128531745884,0.8719551923562164
2026-03-23,COPPER_MINERS_TR,1879.23,0.5023696682464455,0.5023696682464455,0.2794216370233222,1.0,-3.400159826874787,0.0,0.040923178926430825,1.0,0.999999827319164,0.6612163827433098,0.9033256018793486,0.8978818813304268
2026-03-24,COPPER_MINERS_TR,1900.39,0.5023696682464455,0.5023696682464455,0.28362258038555455,1.0,-3.400159826874787,0.0,0.05100717735101634,1.0,0.9999997259117347,0.6146991579614374,0.8788210433404856,0.827831683410207
2026-03-25,COPPER_MINERS_TR,1958.94,0.5023696682464455,0.5023696682464455,0.2952740195569444,1.0,-3.400159826874787,0.0,0.08873159863981828,1.0,0.9999997612005433,0.6580610240603223,0.8194884956258929,0.8874157096962522
2026-03-26,COPPER_MINERS_TR,1876.22,0.5023696682464455,0.5023696682464455,0.2742780532173705,1.0,-3.400159826874787,0.0,0.08137152658298885,1.0,0.9999990527554368,0.6413959923174943,0.7317515795368474,0.8266432594510371
2026-03-27,COPPER_MINERS_TR,1888.99,0.5023696682464455,0.5023696682464455,0.2669013907999052,1.0,-3.400159826874787,0.0,0.1006589998707843,1.0,0.9999987082724214,0.6644735202211085,0.811470722926088,0.7864976033736637
2026-03-30,COPPER_MINERS_TR,1857.36,0.5023696682464455,0.5023696682464455,0.24591369258213666,1.0,-3.400159826874787,0.0,0.027889553928903466,1.0,0.9999964699233191,0.6632256283707549,0.902046683107711,0.8172794326174563
2026-03-31,COPPER_MINERS_TR,1978.16,0.5023696682464455,0.5023696682464455,0.19429437321758145,1.0,-3.400159826874787,0.0,0.06364687254111501,1.0,0.9999496683556133,0.6502771628137419,0.8684806296572627,0.7747726115214018
2026-04-01,COPPER_MINERS_TR,2058.86,0.5136986301369864,0.5136986301369864,-0.03256359724738017,1.0,-2.900843075201818,0.0,0.07119988250844456,1.0,0.20602032370635046,0.5342191614952486,0.6298142199593961,0.6911229849637391
2026-04-02,COPPER_MINERS_TR,2042.7,0.5136986301369864,0.5136986301369864,-0.0866934037139885,1.0,-2.900843075201818,0.0,0.09750330444999267,1.0,0.016229750468142148,0.45145195422526524,0.4181628398388844,0.4270697102168581
2026-04-03,COPPER_MINERS_TR,2042.7,0.5136986301369864,0.5136986301369864,-0.08897889428670638,1.0,-2.900843075201818,0.0,0.10638745401894023,1.0,0.01221391556011795,0.44018885925219026,0.36748872879022043,0.37995451101011174
2026-04-06,COPPER_MINERS_TR,2044.32,0.5136986301369864,0.5136986301369864,-0.0792646334481305,1.0,-2.900843075201818,0.0,0.13345595648517472,1.0,0.026009372971214723,0.4726204409961622,0.5046487426667399,0.44906960398268886
2026-04-07,COPPER_MINERS_TR,2033.33,0.5136986301369864,0.5136986301369864,-0.05451218243767977,1.0,-2.900843075201818,0.0,0.05610301840266674,1.0,0.1251580501740531,0.47888861665598675,0.3948125416901569,0.4919173082751909
2026-04-08,COPPER_MINERS_TR,2189.9,0.5136986301369864,0.5136986301369864,-0.004714675438140109,1.0,-2.900843075201818,0.0,0.05287138848519746,1.0,0.7148873827345642,0.6018012141201461,0.7473325615534088,0.6230264997158517
2026-04-09,COPPER_MINERS_TR,2188.14,0.5136986301369864,0.5136986301369864,-0.03779091121031748,1.0,-2.900843075201818,0.0,0.05099760467823744,1.0,0.44913540521056977,0.5618063062821627,0.6381902964369401,0.5568690599290859
2026-04-10,COPPER_MINERS_TR,2241.87,0.5136986301369864,0.5136986301369864,-0.02042322643994387,1.0,-2.900843075201818,0.0,0.032743687577647895,1.0,0.5739003274391524,0.5661094470217214,0.6152962730799881,0.47162109128260354
2026-04-13,COPPER_MINERS_TR,2261.81,0.5136986301369864,0.5136986301369864,-0.027530787627702426,1.0,-2.900843075201818,0.0,-0.02876308744343059,0.0,0.3309502059294533,0.5276418402553045,0.5549880942239731,0.4609356102846433
2026-04-14,COPPER_MINERS_TR,2304.69,0.5136986301369864,0.5136986301369864,-0.021128001005209583,1.0,-2.900843075201818,0.0,-0.0006356042131480111,0.0,0.34958963657394637,0.5436212941900423,0.5197738973634781,0.4528752807926465
2026-04-15,COPPER_MINERS_TR,2312.76,0.5136986301369864,0.5136986301369864,-0.01045921188883917,1.0,-2.900843075201818,0.0,-0.03906972302643852,0.0,0.4155068561152345,0.5679309590880474,0.4454709356363962,0.508624317851857
2026-04-16,COPPER_MINERS_TR,2303.83,0.5136986301369864,0.5136986301369864,-0.003804410013159343,1.0,-2.900843075201818,0.0,-0.07144130379424496,0.0,0.5653748008911135,0.5446963678970078,0.5342651930480171,0.5982763094698335
2026-04-17,COPPER_MINERS_TR,2356.2,0.5136986301369864,0.5136986301369864,0.02740932966950163,1.0,-2.900843075201818,0.0,-0.06551306365508347,0.0,0.9386393034005824,0.5968951751468435,0.639897769542435,0.6088624532577053
2026-04-20,COPPER_MINERS_TR,2335.87,0.5136986301369864,0.5136986301369864,0.01181648039315132,1.0,-2.900843075201818,0.0,-0.06571211579699787,0.0,0.7973823123191072,0.5833546196659678,0.6660308314274824,0.6146342580345623
2026-04-21,COPPER_MINERS_TR,2238.4,0.5136986301369864,0.5136986301369864,0.03169574454362527,1.0,-2.900843075201818,0.0,-0.11274656144404216,0.0,0.9065914663867902,0.5262386294311273,0.6453244423910651,0.6170506370561477
2026-04-22,COPPER_MINERS_TR,2311.29,0.5136986301369864,0.5136986301369864,0.01000441256634963,1.0,-2.900843075201818,0.0,-0.05498640359198126,0.0,0.7497361529766406,0.5170225545550965,0.6226708849301331,0.6432510488981099
2026-04-23,COPPER_MINERS_TR,2213.82,0.5136986301369864,0.5136986301369864,0.012556976406913637,1.0,-2.900843075201818,0.0,-0.051227906594084605,0.0,0.7891768512108355,0.485749542271559,0.6904911954203125,0.6148761107094051
2026-04-24,COPPER_MINERS_TR,2187.87,0.5136986301369864,0.5136986301369864,0.019518431002192478,1.0,-2.900843075201818,0.0,-0.07087097542650855,0.0,0.7970530599235794,0.5103361615410534,0.738471246549735,0.6109615556189498
2026-04-27,COPPER_MINERS_TR,2182.84,0.5136986301369864,0.5136986301369864,0.028187161555554993,1.0,-2.900843075201818,0.0,-0.012939258168325085,0.0,0.8577589128624805,0.513261729570084,0.6847708201276469,0.5333541084746588
2026-04-28,COPPER_MINERS_TR,2091.31,0.5136986301369864,0.5136986301369864,0.03809982704373708,1.0,-2.900843075201818,0.0,0.07189252450382821,1.0,0.8924251228335244,0.43703235105717625,0.4518948568543808,0.47326066400777717
2026-04-29,COPPER_MINERS_TR,2050.7,0.5136986301369864,0.5136986301369864,0.020428397127181537,1.0,-2.900843075201818,0.0,0.052029310402516016,1.0,0.7208785385804748,0.4036667873118618,0.23463394997472262,0.38790813468955865
2026-04-30,COPPER_MINERS_TR,2092.09,0.5136986301369864,0.5136986301369864,0.02636481731498369,1.0,-2.900843075201818,0.0,0.08944064669354801,1.0,0.7939519096011988,0.4248905707555777,0.46377202361353026,0.4449634149557862
2026-05-01,COPPER_MINERS_TR,2075.79,0.5296703296703297,0.5296703296703297,0.05753320082056555,1.0,-3.121791082272013,0.0,0.14586271164712472,1.0,0.9063294370333119,0.40883430283599415,0.4271847693206263,0.38602545641578934
2026-05-04,COPPER_MINERS_TR,2028.14,0.5296703296703297,0.5296703296703297,0.06674543915484499,1.0,-3.121791082272013,0.0,0.1493423761656778,1.0,0.9164859952452346,0.43727397843169474,0.3631615502834727,0.4325710805120891
2026-05-05,COPPER_MINERS_TR,2064.25,0.5296703296703297,0.5296703296703297,0.07638698950731722,1.0,-3.121791082272013,0.0,0.11193150541596708,1.0,0.9486972531336939,0.42859602774918687,0.4833903300954256,0.46029302635768604
2026-05-06,COPPER_MINERS_TR,2198.13,0.5296703296703297,0.5296703296703297,0.08078279869058046,1.0,-3.121791082272013,0.0,0.09217879633247628,1.0,0.956058295019213,0.41997715647277917,0.5228138614400563,0.45674295200240744
2026-05-07,COPPER_MINERS_TR,2200.94,0.5296703296703297,0.5296703296703297,0.06361452108687428,1.0,-3.121791082272013,0.0,-0.006022684560790581,0.0,0.8918970002553744,0.4071904982078873,0.46236058368836913,0.4379292441091256
2026-05-08,COPPER_MINERS_TR,2261.45,0.5296703296703297,0.5296703296703297,0.04924409624711453,1.0,-3.121791082272013,0.0,-0.05048257937925171,0.0,0.6332199744937276,0.3944604663974441,0.35398884129610386,0.43993200140596955
2026-05-11,COPPER_MINERS_TR,2323.97,0.5296703296703297,0.5296703296703297,0.03089145870266771,1.0,-3.121791082272013,0.0,-0.09806830682857548,0.0,0.24140545082132228,0.38105262528443246,0.3846496972266048,0.40964087997124154
2026-05-12,COPPER_MINERS_TR,2372.53,0.5296703296703297,0.5296703296703297,0.0003893860036696343,1.0,-3.121791082272013,0.0,-0.10105680046805254,0.0,0.045607791766538244,0.3815097572633388,0.31465564366870075,0.43236286053318385
2026-05-13,COPPER_MINERS_TR,2444.17,0.5296703296703297,0.5296703296703297,-0.001440347084471153,1.0,-3.121791082272013,0.0,-0.0741652869183218,0.0,0.06499363051615495,0.37186630406641813,0.24197097885051327,0.2767501487626485
2026-05-14,COPPER_MINERS_TR,2403.82,0.5296703296703297,0.5296703296703297,-0.0003268600339195824,1.0,-3.121791082272013,0.0,-0.0074160412486710126,0.0,0.09503718238224554,0.38618990138543535,0.2935715234009847,0.4105023025902268
2026-05-15,COPPER_MINERS_TR,2247.83,0.5296703296703297,0.5296703296703297,0.0023744169063827734,1.0,-3.121791082272013,0.0,0.02890807332381673,1.0,0.10641419891700489,0.4243009306570178,0.6407501133287623,0.5196789708009929
2026-05-18,COPPER_MINERS_TR,2206.65,0.5296703296703297,0.5296703296703297,0.010963904364450747,1.0,-3.121791082272013,0.0,0.08907124765171548,1.0,0.17978005941496783,0.43735475045871397,0.7112903518455093,0.5514871711894066
2026-05-19,COPPER_MINERS_TR,2139.86,0.5296703296703297,0.5296703296703297,0.023227657317715738,1.0,-3.121791082272013,0.0,0.05473859555701188,1.0,0.39560873064794383,0.4488743150290252,0.7338150964404307,0.5320365194460143
2026-05-20,COPPER_MINERS_TR,2197.17,0.5296703296703297,0.5296703296703297,0.026718621774766155,1.0,-3.121791082272013,0.0,0.07089515353577114,1.0,0.4911897647145705,0.42917592685547096,0.5971195894892296,0.5272125805804195
2026-05-21,COPPER_MINERS_TR,2225.54,0.5296703296703297,0.5296703296703297,0.03398119706154622,1.0,-3.121791082272013,0.0,0.07064038437404774,1.0,0.5930941706567224,0.4233005877213603,0.5117286468381237,0.5216596786364586
2026-05-22,COPPER_MINERS_TR,2231.16,0.5296703296703297,0.5296703296703297,0.04427336372818401,1.0,-3.121791082272013,0.0,0.07299906626028418,1.0,0.5724955406734712,0.42515973811585334,0.5010305679288691,0.4876998934754332
2026-05-25,COPPER_MINERS_TR,2270.44,0.5296703296703297,0.5296703296703297,0.033948582639182504,1.0,-3.121791082272013,0.0,0.09928941067428743,1.0,0.5135696023246088,0.3772864886422254,0.25302390549937825,0.4102397477255499
2026-05-26,COPPER_MINERS_TR,2330.46,0.5296703296703297,0.5296703296703297,0.018382422119259362,1.0,-3.121791082272013,0.0,0.07400407346036997,1.0,0.2795546408262847,0.394359464387937,0.23337625619494848,0.39109931646702484
2026-05-27,COPPER_MINERS_TR,2317.44,0.5296703296703297,0.5296703296703297,0.03827525906018654,1.0,-3.121791082272013,0.0,0.03720440394072111,1.0,0.6369225198591056,0.3997479780502973,0.2894339221857633,0.4309767497125956
2026-05-28,COPPER_MINERS_TR,2383.32,0.5296703296703297,0.5296703296703297,0.020868706967892434,1.0,-3.121791082272013,0.0,-0.06099373317648826,0.0,0.4298604395504052,0.4049894602649349,0.3311862734822384,0.4492760846740705
2026-05-29,COPPER_MINERS_TR,2388.77,0.5296703296703297,0.5296703296703297,0.01261991574021906,1.0,-3.121791082272013,0.0,-0.07608633188023861,0.0,0.41352285197931615,0.4336435312277443,0.34775287307028285,0.4492760846740705
2026-06-01,COPPER_MINERS_TR,2436.18,0.5456475583864119,0.5456475583864119,-0.003061861037698071,1.0,-2.7592259515618522,0.0,-0.1271815289732029,0.0,0.46147827138214886,0.43105257179006873,0.22506309492155685,0.4039441849702785
2026-06-02,COPPER_MINERS_TR,2561.85,0.5456475583864119,0.5456475583864119,-0.006290825455393825,1.0,-2.7592259515618522,0.0,-0.12690944739527665,0.0,0.4313872061528202,0.44369216105647363,0.22177871404457583,0.3423777744700355
2026-06-03,COPPER_MINERS_TR,2488.94,0.5456475583864119,0.5456475583864119,-0.0025563291284857615,1.0,-2.7592259515618522,0.0,-0.08037653874004325,0.0,0.4062508841005238,0.44009974631421156,0.5175903551946069,0.44287660005139784
2026-06-04,COPPER_MINERS_TR,2471.99,0.5456475583864119,0.5456475583864119,0.013916313451080457,1.0,-2.7592259515618522,0.0,0.05532595951084884,1.0,0.5993089961635174,0.4805242347369182,0.7252596846606448,0.5359898426714009
2026-06-05,COPPER_MINERS_TR,2243.07,0.5456475583864119,0.5456475583864119,0.047230140565810735,1.0,-2.7592259515618522,0.0,0.09234856630028143,1.0,0.849630743960774,0.523980552795322,0.7668610912258489,0.6371123088119429
2026-06-08,COPPER_MINERS_TR,2250.82,0.5456475583864119,0.5456475583864119,0.06406172320869305,1.0,-2.7592259515618522,0.0,0.10000760276024923,1.0,0.9129533659558309,0.5340433699381079,0.9008638722947249,0.6961596196604566
2026-06-09,COPPER_MINERS_TR,2236.03,0.5456475583864119,0.5456475583864119,0.07447919569537814,1.0,-2.7592259515618522,0.0,0.11508142857800241,1.0,0.9795291484898644,0.5562143923549275,0.9048325948769034,0.6286852768844484
2026-06-10,COPPER_MINERS_TR,2173.07,0.5456475583864119,0.5456475583864119,0.08613350664552104,1.0,-2.7592259515618522,0.0,0.04650508071965853,1.0,0.977908390811872,0.6214311395502559,0.8706006570076085,0.7067736428908288
2026-06-11,COPPER_MINERS_TR,2273.3,0.5456475583864119,0.5456475583864119,0.06207661845704698,1.0,-2.7592259515618522,0.0,-0.005888888419505189,0.0,0.9387779066344374,0.5570272342515356,0.7582354178676451,0.6538479553807091
2026-06-12,COPPER_MINERS_TR,2367.17,0.5456475583864119,0.5456475583864119,0.059336031349234576,1.0,-2.7592259515618522,0.0,-0.04423105080775047,0.0,0.9586102750700174,0.5846735155127777,0.7716009383276129,0.6208631280615029
2026-06-15,COPPER_MINERS_TR,2458.68,0.5456475583864119,0.5456475583864119,0.049004284784973935,1.0,-2.7592259515618522,0.0,-0.10309596893867012,0.0,0.8618409079716417,0.5473558413958147,0.6700412099660128,0.5651615373337573
2026-06-16,COPPER_MINERS_TR,2459.65,0.5456475583864119,0.5456475583864119,0.05137262835323506,1.0,-2.7592259515618522,0.0,-0.13108144357551121,0.0,0.893185276451546,0.5551334763143616,0.5799027548759942,0.5838456647460882
2026-06-17,COPPER_MINERS_TR,2423.15,0.5456475583864119,0.5456475583864119,0.049186857775246826,1.0,-2.7592259515618522,0.0,-0.09995712520281463,0.0,0.8860993744251874,0.5476592386337226,0.5595325900677901,0.5791731982031184
2026-06-18,COPPER_MINERS_TR,2379.02,0.5456475583864119,0.5456475583864119,0.06061618500625024,1.0,-2.7592259515618522,0.0,-0.09311032070813308,0.0,0.9450752846261367,0.5182558939688817,0.6136199822746864,0.5369027216443112
2026-06-19,COPPER_MINERS_TR,2353.23,0.5456475583864119,0.5456475583864119,0.05623161156813411,1.0,-2.7592259515618522,0.0,-0.09918593319801017,0.0,0.9667873174265942,0.4912208811058845,0.45033035480020295,0.48257756082546494
2026-06-22,COPPER_MINERS_TR,2349.93,0.5456475583864119,0.5456475583864119,0.02851226057026151,1.0,-2.7592259515618522,0.0,-0.01951887292787624,0.0,0.9100773067510795,0.4686857246727062,0.38621376921127926,0.3795161440911465
2026-06-23,COPPER_MINERS_TR,2206.07,0.5456475583864119,0.5456475583864119,0.08025097926409053,1.0,-2.7592259515618522,0.0,0.012452980736350039,1.0,0.9856586061163409,0.5719525361083837,0.7945148235479276,0.7043860851730882
2026-06-24,COPPER_MINERS_TR,2105.52,0.5456475583864119,0.5456475583864119,0.09067249122010075,1.0,-2.7592259515618522,0.0,0.001536507224853212,1.0,0.9952507277404211,0.6332755914006432,0.8079753090521697,0.783333111348864
2026-06-25,COPPER_MINERS_TR,2141.22,0.5456475583864119,0.5456475583864119,0.08650949868498588,1.0,-2.7592259515618522,0.0,0.014891383802223102,1.0,0.9964415416935463,0.5917379786361332,0.8432857013522292,0.7127817098026586
2026-06-26,COPPER_MINERS_TR,2134.12,0.5456475583864119,0.5456475583864119,0.10093306906511891,1.0,-2.7592259515618522,0.0,0.019973073198384483,1.0,0.9970229031219178,0.5766421236542334,0.7051679266977212,0.6125736069502343
2026-06-29,COPPER_MINERS_TR,2116.85,0.5456475583864119,0.5456475583864119,0.0779030501819446,1.0,-2.7592259515618522,0.0,-0.035524569928017,0.0,0.9877780256335902,0.5521055528546511,0.45328954731779325,0.6058929691017051
2026-06-30,COPPER_MINERS_TR,2163.01,0.5456475583864119,0.5456475583864119,0.08075443746903067,1.0,-2.7592259515618522,0.0,-0.05178398866653522,0.0,0.9892925079029681,0.5282380138107063,0.36628558145238294,0.5185419867695418
2026-07-01,COPPER_MINERS_TR,2131.74,0.5379876796714579,0.5379876796714579,0.005899370233431092,1.0,-4.5557218918186555,0.0,-0.018927400664953797,0.0,0.7394425649758889,0.5132323537637972,0.5500069239625922,0.5143610949543297
2026-07-02,COPPER_MINERS_TR,2144.51,0.5379876796714579,0.5379876796714579,0.01848206965768033,1.0,-4.5557218918186555,0.0,-0.01320005540421998,0.0,0.8332435364146362,0.5255267373186656,0.340292331304438,0.4254573746054428
2026-07-03,COPPER_MINERS_TR,2165.9,0.5379876796714579,0.5379876796714579,0.018235767440009227,1.0,-4.5557218918186555,0.0,-0.03243436013579548,0.0,0.9077529719872172,0.5038980282652329,0.4919815642641124,0.42981848817979973
2026-07-06,COPPER_MINERS_TR,2159.13,0.5379876796714579,0.5379876796714579,0.01642599326749356,1.0,-4.5557218918186555,0.0,0.03989128402766773,1.0,0.90544647902116,0.4952938299691231,0.7159685172176514,0.5421974445697098
2026-07-07,COPPER_MINERS_TR,2086.17,0.5379876796714579,0.5379876796714579,0.01674745547415312,1.0,-4.5557218918186555,0.0,0.05539861973433591,1.0,0.8486507548332507,0.6117104859643556,0.846287232721223,0.7017801575107612
2026-07-08,COPPER_MINERS_TR,2021.35,0.5379876796714579,0.5379876796714579,0.006231854293433827,1.0,-4.5557218918186555,0.0,-0.018484543138522325,0.0,0.7881378861714005,0.5901990383634917,0.7747626322471801,0.7012252971441861
2026-07-09,COPPER_MINERS_TR,2103.92,0.5379876796714579,0.5379876796714579,0.011065702462163311,1.0,-4.5557218918186555,0.0,-0.04881369572032135,0.0,0.7534801675471031,0.5554950432742948,0.6613578883955483,0.670500031509343
2026-07-10,COPPER_MINERS_TR,2137.31,0.5379876796714579,0.5379876796714579,0.01055527143275663,1.0,-4.5557218918186555,0.0,-0.01870662007563062,0.0,0.7292270852777764,0.524962845388176,0.7997790783113145,0.6124511760880837
2026-07-13,COPPER_MINERS_TR,2089.1,0.5379876796714579,0.5379876796714579,-0.010059359535873258,1.0,-4.5557218918186555,0.0,0.00035493848501189085,1.0,0.46993750502422493,0.6042110124499015,0.9190520891827731,0.770244993528024
2026-07-14,COPPER_MINERS_TR,2169.39,0.5379876796714579,0.5379876796714579,-0.019287668415698664,1.0,-4.5557218918186555,0.0,0.039356311494236795,1.0,0.4728301368889792,0.47165230531993224,0.6502752797944302,0.6060875156428709
2026-07-15,COPPER_MINERS_TR,2133.33,0.5379876796714579,0.5379876796714579,-0.021851433476911333,1.0,-4.5557218918186555,0.0,0.054754652474782395,1.0,0.4347681692603464,0.5006074775481927,0.7594419153679098,0.6205052886877116
2026-07-16,COPPER_MINERS_TR,2065.03,0.5379876796714579,0.5379876796714579,-0.00786264464869162,1.0,-4.5557218918186555,0.0,0.059552971499965635,1.0,0.5551614750937787,0.5615198553925553,0.835908610347458,0.6601184004117835
2026-07-17,COPPER_MINERS_TR,2032.98,0.5379876796714579,0.5379876796714579,-0.01351826649990316,1.0,-4.5557218918186555,0.0,0.05426288524014411,1.0,0.5723814418350406,0.6263577795552736,0.8117492379032092,0.6711148417086622
2026-07-20,COPPER_MINERS_TR,2050.02,0.5379876796714579,0.5379876796714579,-0.0102366974813242,1.0,-4.5557218918186555,0.0,-0.02012294024403738,0.0,0.598806523784168,0.6277308489687434,0.878227232731253,0.6946890766854725
2026-07-21,COPPER_MINERS_TR,2170.16,0.5379876796714579,0.5379876796714579,-0.04842466706451334,1.0,-4.5557218918186555,0.0,-0.05573019316372696,0.0,0.22362841785238022,0.43903028868435984,0.5364137973264298,0.48356733972278776
2026-07-22,COPPER_MINERS_TR,2217.29,0.5379876796714579,0.5379876796714579,-0.06418266830210588,1.0,-4.5557218918186555,0.0,0.005087002433313392,1.0,0.137884085590785,0.4207499689692537,0.39694294252593354,0.41532565332274307
2026-07-23,COPPER_MINERS_TR,2178.1,0.5379876796714579,0.5379876796714579,-0.07141735352058112,1.0,-4.5557218918186555,0.0,0.006327615422111688,1.0,0.07966777420427679,0.4956868374163995,0.6298412106233231,0.4668950683118106
2026-07-24,COPPER_MINERS_TR,2154.05,0.5379876796714579,0.5379876796714579,-0.05209415357636158,1.0,-4.5557218918186555,0.0,0.012571370404301119,1.0,0.13687203156238173,0.5498352472203332,0.608496787053966,0.44548953289081916
2026-07-27,COPPER_MINERS_TR,2161.26,0.5379876796714579,0.5379876796714579,-0.05485225528990013,1.0,-4.5557218918186555,0.0,0.08981467112471742,1.0,0.12564783614204977,0.5312255191755758,0.6571810052619339,0.5315369015097499
2026-07-28,COPPER_MINERS_TR,2126.49,0.5379876796714579,0.5379876796714579,-0.02356094030620591,1.0,-4.5557218918186555,0.0,0.1413130695603999,1.0,0.4059227360185564,0.569586265601377,0.7796067299929029,0.6381473694955877
2026-07-29,COPPER_MINERS_TR,2093.72,0.5379876796714579,0.5379876796714579,-0.028262237292811597,1.0,-4.5557218918186555,0.0,0.08384417909902342,1.0,0.5605017044474001,0.6029437524228463,0.837829738587723,0.7400637044890301
2026-07-30,COPPER_MINERS_TR,2189.18,0.5379876796714579,0.5379876796714579,-0.055590614769717085,1.0,-4.5557218918186555,0.0,0.11742046796575156,1.0,0.18322283388246774,0.4817851699149303,0.5808042890316679,0.4906560179674538
2026-07-31,COPPER_MINERS_TR,2167.68,0.5379876796714579,0.5379876796714579,-0.06183439775861263,1.0,-4.5557218918186555,0.0,0.11887060586813392,1.0,0.0826515714482864,0.4834993212327672,0.373739326971775,0.4882875716318812
2026-08-03,COPPER_MINERS_TR,2188.43,0.5376984126984127,0.5376984126984127,-0.04624945711184403,1.0,-3.0013971009824445,0.0,0.04630460672799752,1.0,0.08547315987280317,0.49661354652869305,0.424472700520703,0.47687241741043046
2026-08-04,COPPER_MINERS_TR,2317.48,0.5376984126984127,0.5376984126984127,-0.07793301186452614,1.0,-3.0013971009824445,0.0,0.018099339217187982,1.0,0.0357067547338546,0.40613632189737897,0.3348520779759601,0.4446892584694049
2026-08-05,COPPER_MINERS_TR,2389.59,0.5376984126984127,0.5376984126984127,-0.059240358159933684,1.0,-3.0013971009824445,0.0,-0.010549030020272077,0.0,0.1920394658449774,0.45808335845465187,0.3759104460283215,0.4797162871541454
2026-08-06,COPPER_MINERS_TR,2372.73,0.5376984126984127,0.5376984126984127,-0.06591741469724842,1.0,-3.0013971009824445,0.0,-0.036165320100238985,0.0,0.14853445504432994,0.4572999497738904,0.24369333895855122,0.45017557659841817
2026-08-07,COPPER_MINERS_TR,2422.21,0.5376984126984127,0.5376984126984127,-0.08514581361781468,1.0,-3.0013971009824445,0.0,-0.024708299129696076,0.0,0.04153271362590265,0.4077820901758203,0.24226484785059668,0.35189895245693364
2026-08-10,COPPER_MINERS_TR,2448.57,0.5376984126984127,0.5376984126984127,-0.09483288894334413,1.0,-3.0013971009824445,0.0,-0.03735168818743073,0.0,0.015880341720773315,0.3894438021391423,0.15769066221266748,0.3439210445748895
2026-08-11,COPPER_MINERS_TR,2424.79,0.5376984126984127,0.5376984126984127,-0.08213782146489991,1.0,-3.0013971009824445,0.0,-0.013375314447312547,0.0,0.03155457615857455,0.4246063300130249,0.20014565955499436,0.38674570691952564
2026-08-12,COPPER_MINERS_TR,2432.84,0.5376984126984127,0.5376984126984127,-0.0801120166142296,1.0,-3.0013971009824445,0.0,0.03685734974656052,1.0,0.036349413197769985,0.41751593437078244,0.21828488926501946,0.38674570691952564
2026-08-13,COPPER_MINERS_TR,2347.7,0.5376984126984127,0.5376984126984127,-0.059935551008782575,1.0,-3.0013971009824445,0.0,0.09817485575749263,1.0,0.10137410263803633,0.35703805302872704,0.22182373224845678,0.35948579761715094
2026-08-14,COPPER_MINERS_TR,2334.61,0.5376984126984127,0.5376984126984127,-0.042752556394348884,1.0,-3.0013971009824445,0.0,0.08405532501141089,1.0,0.18355540158743514,0.4410434719267542,0.3882154800567406,0.547454321172337
2026-08-17,COPPER_MINERS_TR,2388.07,0.5376984126984127,0.5376984126984127,-0.032213284514945636,1.0,-3.0013971009824445,0.0,0.1296921455561173,1.0,0.3671393574076959,0.4235893247889495,0.5042874587475104,0.5696174646598916
2026-08-18,COPPER_MINERS_TR,2334.22,0.5376984126984127,0.5376984126984127,-0.017736849904361664,1.0,-3.0013971009824445,0.0,0.08950964462775479,1.0,0.42740889900124673,0.4780989160134261,0.4243563969083059,0.6741261505065254
2026-08-19,COPPER_MINERS_TR,2400.3,0.5376984126984127,0.5376984126984127,-0.01342152485430869,1.0,-3.0013971009824445,0.0,0.07496004896825692,1.0,0.29949711289490494,0.4063111843254788,0.13416636053966471,0.4266000686291092
2026-08-20,COPPER_MINERS_TR,2434.23,0.5376984126984127,0.5376984126984127,-0.010796894222944189,1.0,-3.0013971009824445,0.0,0.002531388831465753,1.0,0.18184431891556702,0.5018869584943448,0.30196155409495506,0.5937986635523863
2026-08-21,COPPER_MINERS_TR,2563.81,0.5376984126984127,0.5376984126984127,-0.026285672904641167,1.0,-3.0013971009824445,0.0,-0.019445302843016155,0.0,0.07086327728697751,0.4189543471243361,0.23199220055933545,0.5345884602609763
2026-08-24,COPPER_MINERS_TR,2588.8,0.5376984126984127,0.5376984126984127,-0.028793647780553617,1.0,-3.0013971009824445,0.0,-0.07269003962911691,0.0,0.09371045632715122,0.4175294969360573,0.27847471563289944,0.4214166313046545
2026-08-25,COPPER_MINERS_TR,2636.95,0.5376984126984127,0.5376984126984127,-0.034145486648786416,1.0,-3.0013971009824445,0.0,-0.060432479972468145,0.0,0.08729136922320803,0.3897180073652765,0.1437930938708552,0.34178088447056365
2026-08-26,COPPER_MINERS_TR,2615.15,0.5376984126984127,0.5376984126984127,-0.043670471403617864,1.0,-3.0013971009824445,0.0,-0.05347193029388142,0.0,0.06616420429800356,0.374731506287546,0.08045390259198358,0.35155446511043
2026-08-27,COPPER_MINERS_TR,2616.7,0.5376984126984127,0.5376984126984127,-0.043011110681893575,1.0,-3.0013971009824445,0.0,-0.03733027273080969,0.0,0.05341884279404963,0.37473765362166517,0.1842825905619116,0.41485382486144157
2026-08-28,COPPER_MINERS_TR,2570.3,0.5376984126984127,0.5376984126984127,-0.04714307785138698,1.0,-3.0013971009824445,0.0,-0.025271227437107524,0.0,0.04290728521386391,0.3539492957559978,0.13618810236061563,0.36584908476552724
2026-08-31,COPPER_MINERS_TR,2538.46,0.5376984126984127,0.5376984126984127,-0.037127970676080896,1.0,-3.0013971009824445,0.0,0.06135518777067572,1.0,0.11777774772472177,0.39157458072546786,0.28474593358546046,0.4366761024693224
2026-09-01,COPPER_MINERS_TR,2445.27,0.6132742661185427,0.551923076923077,0.013866122959793314,1.0,-2.8301392703005566,0.0,0.05451933368876438,1.0,0.37066509868043085,0.49159297437055005,0.6816349944743846,0.6138207636202805
2026-09-02,COPPER_MINERS_TR,2457.11,0.6252018763796683,0.551923076923077,0.01712730609516927,1.0,-2.8301392703005566,0.0,-0.01659412624455958,0.0,0.3867032336158242,0.4808935045454895,0.694748108525251,0.6384996624867112
2026-09-03,COPPER_MINERS_TR,2476.78,0.46391236801574454,0.551923076923077,0.019178336343025508,1.0,-2.8301392703005566,0.0,-0.01974660011720253,0.0,0.34166513987416014,0.4557409085977545,0.3900049705191246,0.5500967951397961
2026-09-04,COPPER_MINERS_TR,2474.35,0.4242987323143712,0.551923076923077,0.009535974222162217,1.0,-2.8301392703005566,0.0,-0.04844582934232167,0.0,0.3127760137623274,0.447610747870409,0.30500020148397833,0.5407451356717784
2026-09-07,COPPER_MINERS_TR,2474.31,0.418321394957751,0.551923076923077,0.016211637999652983,1.0,-2.8301392703005566,0.0,-0.1011366701344738,0.0,0.2977143753512319,0.45238644911283304,0.30324337098836607,0.5234579400880979
2026-09-08,COPPER_MINERS_TR,2595.3,0.32660303664886114,0.551923076923077,0.005600695947985578,1.0,-2.8301392703005566,0.0,-0.10078075852833002,0.0,0.20694032189019718,0.44223799487183696,0.09805346117837804,0.5056106987518937
2026-09-09,COPPER_MINERS_TR,2591.07,0.37929350364372033,0.551923076923077,0.014213166498204645,1.0,-2.8301392703005566,0.0,-0.02044192997438088,0.0,0.3484170782832605,0.46678249993694637,0.23249332981126633,0.48606510308548573
2026-09-10,COPPER_MINERS_TR,2435.68,0.3822438962071011,0.551923076923077,0.012436800726488572,1.0,-2.8301392703005566,0.0,-0.010323687172488882,0.0,0.26219454572629664,0.4608273767723647,0.2874371879589457,0.43748598124664306
2026-09-11,COPPER_MINERS_TR,2425.49,0.4113266156631436,0.551923076923077,0.0017634842233487224,1.0,-2.8301392703005566,0.0,0.0320883097466913,1.0,0.12656352057778114,0.4528999327723572,0.31582970636279484,0.4903109486409816
2026-09-14,COPPER_MINERS_TR,2354.44,0.5282862156057007,0.551923076923077,0.011529719287954036,1.0,-2.8301392703005566,0.0,,,0.23586374558539017,0.4745384853340366,0.5551386893755742,0.5321964694763299
2026-09-15,COPPER_MINERS_TR,2332.82,0.4234343250136555,0.551923076923077,-0.011658536042288822,1.0,-2.8301392703005566,0.0,,,0.16368353740700414,0.4638084254805081,0.3109066227845312,0.5218538518939434
2026-09-16,COPPER_MINERS_TR,2329.94,0.5214979598318784,0.551923076923077,-0.01840936503947355,1.0,-2.8301392703005566,0.0,,,0.09956563004234553,0.4725094178259431,0.4865380749412659,0.5902885005672989
2026-09-17,COPPER_MINERS_TR,2385.89,0.4172845453894708,0.551923076923077,-0.050424620193975395,1.0,-2.8301392703005566,0.0,,,0.04237917095530732,0.44115102711132265,0.3023043058955109,0.5286474971490781
2026-09-18,COPPER_MINERS_TR,2400.45,0.40823324540775785,0.551923076923077,-0.052632600169014436,1.0,-2.8301392703005566,0.0,,,0.015359544223228138,0.446945744476315,0.2683828788821021,0.5376699330557588
2026-09-21,COPPER_MINERS_TR,2429.99,0.4610935570960483,0.551923076923077,-0.07324502684878853,1.0,-2.8301392703005566,0.0,,,0.006880595408945013,0.4479354570451445,0.35537873630574296,0.5852819227601452
