asset,test_year,strategy,horizon,threshold,robust_score,validation_positive_rate,median_val_return,median_val_sharpe,worst_val_return,worst_val_drawdown,test_return,test_sharpe,test_mdd,test_ann_vol
QQQ,2017,LOGIT,20,0.52,1.266522845647564,0.6666666666666666,0.27358608821885255,1.9362428898330954,-0.06785906906689221,-0.22336591439800868,-0.01673401851897982,-0.024002773025436203,-0.09689537088575617,0.16201003078440818
ECH,2017,RF,5,0.64,0.8280242260784643,0.6666666666666666,0.06256710079310235,1.2163597553943453,0.0,-0.013873892508432184,0.0,0.0,0.0,0.0
CPER,2017,CASH,5,,0.0,1.0,0.0,0.0,0.0,0.0,0.0,0.0,0.0,0.0
QQQ,2018,MEANREV,1,,1.3850831416909795,1.0,0.04696658600377113,1.8163571546462003,0.008844369927337503,-0.09930458110654306,-0.011975765983053943,-0.04487532089493699,-0.12362924732469105,0.11722719592596331
ECH,2018,HGB,5,0.52,1.0511369884940411,0.6666666666666666,0.19857756573542762,1.4866547388504985,-0.05171046810509339,-0.17490060286265197,-0.020778919682296393,-0.055291518438685655,-0.09718171985796209,0.15764545650983372
CPER,2018,HGB,20,0.56,0.8142233657565561,0.6666666666666666,0.12513485120528434,1.1069157255779678,-0.0033514449286438097,-0.10101245590589425,-0.07951818063384941,-0.44356566333872494,-0.17664837699701663,0.15906736861032875
QQQ,2019,MOMENTUM,1,,0.3544501771747661,1.0,0.06587453797727894,0.546621738719328,0.04231113951389909,-0.11794533168983357,0.21560027512931157,1.2720068647389338,-0.0970099392118583,0.16418627131985275
ECH,2019,HGB,5,0.52,1.1324832785349717,0.6666666666666666,0.19857756573542762,1.4866547388504985,-0.020778919682296393,-0.09718171985796209,-0.03433500154109492,-0.1370946396675048,-0.1476973283201768,0.16090375154893655
CPER,2019,HGB,20,0.6,0.6102193257885024,1.0,0.07711108865098604,0.7538496398224993,0.028592154260260516,-0.0984395025196172,0.057570029704313574,0.6272082237200828,-0.062123022488548285,0.09664281437249224
QQQ,2020,MOMENTUM,1,,0.9464420771571145,1.0,0.18150232779661213,1.0963831650233384,0.06587453797727894,-0.11794533168983357,0.24138857466346297,1.1309025641380521,-0.1038579464366618,0.21000832090819413
ECH,2020,LOGIT,5,0.6,0.3906589118736457,0.6666666666666666,0.09683782789848272,0.6981112598625333,-0.03981207872168313,-0.16366180892430537,-0.17652287624951157,-0.33895126605584225,-0.3953025288795341,0.3665569076804277
CPER,2020,HGB,20,0.52,0.8585711285952308,0.6666666666666666,0.2096797563433057,1.5547866185629111,-0.17094019157045992,-0.21323336383445823,0.036997156813862064,0.28616705885609,-0.16393200145801434,0.18849874134395764
QQQ,2021,MOMENTUM,1,,0.9903799022331461,1.0,0.21560027512931157,1.1309025641380521,0.06587453797727894,-0.11794533168983357,0.07060056049558217,0.4867789846548904,-0.11740300287670913,0.1695734230042851
ECH,2021,CASH,5,,0.0,1.0,0.0,0.0,0.0,0.0,0.0,0.0,0.0,0.0
CPER,2021,HGB,20,0.6,0.5616223977138055,1.0,0.09056582228314913,0.6403209555495526,0.057570029704313574,-0.16393200145801445,0.028910265385839296,0.33368480818436785,-0.08238128163095448,0.10053114965543128
QQQ,2022,BUYHOLD,1,,1.7507092462422649,1.0,0.5023103414647216,1.9298689853823707,0.3957845112525751,-0.24830002069774826,-0.32070821478467604,-0.7768036613813218,-0.3274820817829388,0.39757586776154064
ECH,2022,LOGIT,5,0.6,0.15613501766703441,0.6666666666666666,0.09683782789848272,0.6981112598625333,-0.17652287624951157,-0.3953025288795341,0.1950502081860659,1.1467228259570863,-0.08493741811226185,0.16812253063005425
CPER,2022,MEANREV,1,,1.1514220776075383,1.0,0.0781503031248203,1.413999208209152,0.010918375578285566,-0.03953255589532789,0.04767809057379435,0.6419467653988952,-0.033584792689267284,0.07746655099257488
QQQ,2023,HGB,1,0.56,1.0560280507811217,0.6666666666666666,0.2594135742143955,1.4844400234864061,-0.07125172830005999,-0.16559305990343198,0.09368517155797074,0.715442055554266,-0.09452187409165391,0.1396544469312132
ECH,2023,LOGIT,5,0.64,0.6425000460011953,0.6666666666666666,0.24466555346281282,1.4226994587228599,-0.17911124888742735,-0.39458175144552776,-0.010023058098579063,-0.0809146483996312,-0.08433149710467547,0.08303177886749423
CPER,2023,MEANREV,1,,1.2363222092461579,1.0,0.0781503031248203,1.413999208209152,0.04767809057379435,-0.03953255589532789,-0.0114781815924756,-0.09197554305794234,-0.07935589616700656,0.08645898336566406
QQQ,2024,BUYHOLD,1,,1.1966406190724101,0.6666666666666666,0.5485683884965267,1.9298689853823707,-0.32070821478467604,-0.3274820817829388,0.44888218646976497,1.6096050674592,-0.1380797701562575,0.24987910863546162
ECH,2024,RF,5,0.6,1.1490542470440834,1.0,0.04735253449999344,1.2615465425555612,0.02741676730258691,-0.04483105218079264,0.0453533312043759,1.0207236210904713,-0.012675339715355949,0.044400471267488945
CPER,2024,RF,1,0.52,0.5418035545816429,0.6666666666666666,0.08823453979029772,0.9108133889015371,-0.040204144697450594,-0.139124980133007,0.06347517404266045,0.507090927049204,-0.1234332621407016,0.14102413154843035
QQQ,2025,LOGIT,20,0.56,0.878078042118654,0.6666666666666666,0.2884218079578438,1.3555122316880361,-0.16011690675840495,-0.2537043347696072,0.07703263689302497,0.4117364005809762,-0.2418669385565002,0.26682815444725144
ECH,2025,RF,5,0.6,0.897228726017382,1.0,0.04735253449999344,1.0207236210904713,0.0453533312043759,-0.04483105218079264,0.03455518549308212,0.3857167441628079,-0.048052025238631835,0.10192446274800951
CPER,2025,RF,1,0.52,0.7218218164071737,1.0,0.08823453979029772,0.9108133889015371,0.06347517404266045,-0.1234332621407016,0.05173541934888726,0.413499407117851,-0.10460413739832641,0.1491870316856871
QQQ,2026,BUYHOLD,1,,1.2914702563295442,1.0,0.44888218646976497,1.6096050674592,0.06546820461303127,-0.2467420137993518,0.2671840402215502,1.4636537672814205,-0.09035637973623079,0.2458762231853039
ECH,2026,RF,5,0.6,0.8201426458019597,1.0,0.0453533312043759,0.9726343482105828,0.03455518549308212,-0.048052025238631835,-0.015358960993888782,-0.23281730978239332,-0.05201208859257522,0.07912972946710316
CPER,2026,LOGIT,1,0.64,0.8089789691445224,1.0,0.07999248167218731,0.9178648185347362,0.06971117102859536,-0.04031997471080884,0.1732006554921477,1.4143188080069782,-0.062096548249684025,0.16703519331410402
