final_capital_clp,max_drawdown
17748700.19793542,-0.1487919009171098
28603126.7986269,-0.07021640666063789
23634423.398588985,-0.12036680353982887
24779604.46388204,-0.07610166146250297
31122243.665505696,-0.0635655306891354
24608446.018936772,-0.08853651561311338
30109139.038535904,-0.11458503912588991
20801529.057647157,-0.12901473097092486
24156362.06732702,-0.1412278417398306
24296144.298897117,-0.10035643069753686
29535012.595515963,-0.10769433283295082
23191366.508219574,-0.07689284257269502
20769963.269994184,-0.12949271460477307
32998125.823496785,-0.07183284179344074
25036542.81023183,-0.09146113287904878
21422934.3294318,-0.08102991499715662
29617476.528456375,-0.11672899475301168
23154138.133912686,-0.08629928359315864
24303133.143835712,-0.0913805995234318
28609324.79288782,-0.07873915061181525
24538649.7640456,-0.08732158915458732
22734038.026738115,-0.08141704397010352
21102430.074366998,-0.06616357567655562
20657546.140128847,-0.06691073351051102
16850462.307109855,-0.09124134457394173
25704709.97252826,-0.0823874519425839
25356680.77639501,-0.09096959071762079
25518717.870442886,-0.09994053610771625
23026534.24607759,-0.09009636373554342
29403799.361409392,-0.08321480575445717
18298372.238462143,-0.11603991046939577
27673886.73527413,-0.12027310090480847
29318743.473361544,-0.0716618345131036
16638186.178953942,-0.16749258447850113
26004097.17299763,-0.11143725925593839
31246267.32931213,-0.07430032084082949
31367688.96687176,-0.11959719190106488
25452787.526334114,-0.08109724913221206
17859693.179719422,-0.1213825928325637
29829202.213466465,-0.09548881083618088
27664542.958024208,-0.07301900885819701
21043574.719353665,-0.07502496895201594
22197878.978346583,-0.1188841855812649
26714907.09257059,-0.12117084281282797
33636112.922015205,-0.049076613175469186
27417936.821188148,-0.1167733549450487
30008163.956241976,-0.08024510392514905
22791847.101231236,-0.15671622447879852
19990239.217358775,-0.07347024198117613
21485696.25291207,-0.07492057749013625
15500219.801991122,-0.09912662651948467
29041259.883102443,-0.05986546978902385
18358651.496933,-0.11467096681674238
21239959.378782175,-0.07590157851194845
30113054.404573917,-0.06769040807229254
22144799.49084502,-0.12866834911141034
32030372.338709936,-0.05950452753844826
23543339.599236347,-0.10084597651358451
25586313.708319478,-0.06914143935608519
28889418.333853398,-0.0957241218684105
16495481.038278263,-0.1256554929811966
23140328.039864596,-0.1496362039161918
24867248.324760415,-0.07794007485337862
23003366.927361585,-0.0715507801050681
28683351.695818927,-0.06098001506184847
27726418.37483925,-0.08687640462013124
28330093.25836145,-0.11205554861674571
27915202.45242248,-0.10037000829085851
32559860.19885658,-0.08757061213360584
27300062.003757194,-0.07726158832025953
20104833.432476975,-0.127841215924554
26459450.120072737,-0.10875124071876396
34203299.800616235,-0.046665307737685846
28836846.07508853,-0.0635655306891354
22062974.909353912,-0.09895796198768447
22878709.696322512,-0.1575808507053469
48759865.8274886,-0.051869968640727904
26255951.771166325,-0.14051115739999331
27493076.637166847,-0.05787363820494251
27300703.97301194,-0.048734645397149
23391197.52180979,-0.11084920461431236
34678645.01747652,-0.043824480029086677
18664883.597622443,-0.15480765401526275
25614923.56822539,-0.16814608957709165
25969308.43313978,-0.08955502183606334
19564221.153285608,-0.12407485204250035
25435462.35120304,-0.09240723173894794
17232872.079711918,-0.15256635780599992
18110875.39885267,-0.07230760929370772
25230490.88145587,-0.11689993844868007
26678190.55396823,-0.2041644326835772
25954541.54670378,-0.06714874897812018
21910722.01818193,-0.11825305659341812
25035984.543441433,-0.10482326194264224
30417972.81608451,-0.12441516809543884
21465154.53275954,-0.08841591237157975
20422564.540811777,-0.09229732697259907
22284215.442290097,-0.08131748071518285
21874736.235885456,-0.10729675239945469
28423626.53730096,-0.126097515977188
18264939.71424341,-0.09668298058432123
33799812.7286063,-0.03659248491351108
27103960.173066616,-0.08644256350057
26636913.65673368,-0.058721597515863255
20268735.80801441,-0.10733420630968782
27549609.888241872,-0.11487955560143681
27550697.887716256,-0.10206850834896686
28395242.94663936,-0.059166392034947224
28333892.541860975,-0.06356553068913551
21578700.53389099,-0.1538699838853128
25113832.289118182,-0.07058920960379145
17692968.59500332,-0.08709803471894473
22931981.398733053,-0.12989621127148376
21049967.139818717,-0.06850639702736194
29466644.097098444,-0.08215220062682516
19811210.460712854,-0.07429639132817267
38744234.47697421,-0.04826304743081611
18078857.9808623,-0.10667125339576378
29381774.684495136,-0.07480021696886618
22969678.441160943,-0.06742115713198404
24806859.403833177,-0.10484148250862191
36893768.666319616,-0.08001262561850109
34931482.18522946,-0.08410643348667057
25311136.406759556,-0.08240651309864788
23165406.62065657,-0.09456208843996039
25240145.72660194,-0.07327543974909079
26078360.55434429,-0.17347592543722878
42846342.84441228,-0.03760139435336951
35393706.796377584,-0.09069472889652197
33462690.29337976,-0.1454077498989742
32021859.112848535,-0.09191318351448219
22012907.106645677,-0.11081615395957134
31818209.409919124,-0.03642713531027686
33902851.28031875,-0.10078045147088543
16519652.407246692,-0.09568874053549437
32113107.611466214,-0.0635655306891354
38074638.62133384,-0.057670651624922686
22460125.298621353,-0.06426090809759089
26691248.879731394,-0.08955502183606334
20221873.221090186,-0.1981924451980519
18450954.892857518,-0.20073163930251947
22054521.058405638,-0.07870652058438055
30200961.97975859,-0.06862565336228088
26778305.236322235,-0.08685175674666146
29225458.93421551,-0.0450473412816772
28646717.02857101,-0.11652095136723362
25382254.872433472,-0.053660043373401245
19902329.992996942,-0.12014301562384389
26917659.907795418,-0.08041730710532446
33493244.891650047,-0.07630156672685207
32083125.12596575,-0.07660615362228396
37956729.02299384,-0.0650347024084379
24653458.37567478,-0.0777011929295145
35909711.38245976,-0.048723494146365454
21457726.3203318,-0.0917303583651018
28071722.124288328,-0.08803887529208576
26558156.831565674,-0.06516104217222174
17746539.483165108,-0.1054984369819505
31645344.589524623,-0.04565302240469138
18349877.330595933,-0.10037570534787099
28428399.90530329,-0.08644256350057011
24222662.38236263,-0.07855662982392875
30060806.94291477,-0.0752414145818896
41837007.34134356,-0.06356553068913562
30370474.470556527,-0.06531411787773445
17671345.802010816,-0.1683558638926964
35265843.90523242,-0.0490766131754693
18389086.19875277,-0.11791677194612082
19029716.083540928,-0.1854023864376121
31929277.778687388,-0.06291653080260373
39042750.143512085,-0.10797743753966538
31948390.3526665,-0.06014962388242462
24783755.85694515,-0.06356553068913551
27396077.3752608,-0.07681455245095548
24999362.749450818,-0.07359233554833144
12579742.931882983,-0.1214332496294146
28675458.569468226,-0.10058724277353215
33017001.894127324,-0.050692170931901925
22200873.29684715,-0.08343929931327043
28574215.548591938,-0.07636956745338352
16247939.567706354,-0.15891198800760808
24078439.461380735,-0.04907661317546941
36457702.447701305,-0.07697461936277405
18443840.47099522,-0.12959110454527567
24202978.26902836,-0.07464472613899398
17285906.746824294,-0.0919131835144823
27571303.29841599,-0.08127856250934551
31043249.776680414,-0.12309048468647954
27914280.72025488,-0.08113258981085225
19029492.973505985,-0.094180187286108
27639906.02319578,-0.10457876559045554
31023333.621819284,-0.09540017390992006
24498018.715295605,-0.12688084481928996
28000182.656783722,-0.12695636969739232
20006895.777294178,-0.17438601927282227
26603073.848138943,-0.12086884399429909
30689650.76782833,-0.11024052328302814
30518880.077737577,-0.08955502183606345
27989488.529035404,-0.07734851035166679
22975872.799596857,-0.08828335622352856
28088954.799770266,-0.0698532084162532
33746522.887082346,-0.1259662368707738
20829872.848419927,-0.10080770964588615
35589107.158304684,-0.04504734128167731
27271734.193291053,-0.122701685690917
23305035.975946017,-0.10952256290368068
22770697.057675276,-0.07988761142704637
16320119.100902857,-0.14261375860825798
21198859.662155632,-0.1481725159113786
38784194.184670284,-0.0877392396461929
52772510.195949376,-0.06356553068913551
27491238.023107342,-0.09161625242507354
35833850.45483955,-0.09341378679222401
18933514.16606685,-0.14388880850195263
21701712.866496015,-0.09648916321994261
17063025.316822298,-0.1674499320821523
21394574.79653938,-0.12608079005543593
21856847.92066205,-0.09807716205208117
28339654.125440173,-0.05754783481667969
21581440.665666923,-0.10201365632831982
22457787.587354973,-0.051807675815749965
13606793.591121221,-0.20324578335179366
13470194.884806717,-0.14615066983675495
30431180.004144024,-0.0890895122807609
23615363.498363,-0.11222947251781312
27473568.302398097,-0.20681676890359424
39180990.601791315,-0.0490766131754693
34744736.691526115,-0.07130908432814598
27392428.95947712,-0.07719915342607253
16365855.608101277,-0.13643379607367512
21205501.213880096,-0.08316530219485929
21104913.21305934,-0.14512432353475768
25328600.30574711,-0.13647900893688536
18826577.863939714,-0.11711592332291787
19619364.095560677,-0.15629191651576813
31319392.44855745,-0.08629220992809172
26237862.619295914,-0.0804429086025128
27044949.86199973,-0.08773559335843373
23667606.351226557,-0.11339340349359495
19980074.518812694,-0.07977060886669773
30856930.54221654,-0.07620354856446077
20754434.090370562,-0.07882708872179811
24250319.093816467,-0.11480760246352995
20324762.408079583,-0.09416029740313725
33884579.96190714,-0.07998302126002388
28817042.719208147,-0.08958049292581172
33305495.709808163,-0.05747183967863667
22939297.94842371,-0.11340629263241564
22293507.04251721,-0.11149914757586743
17389622.127128948,-0.09374805004474918
25134492.8915139,-0.08559709431331641
29301679.53749955,-0.10528913760397596
31710621.731691506,-0.06972956648858741
18685456.041624893,-0.14295408554142652
18099195.21410508,-0.11250588172842502
30534308.767396312,-0.07916068933488396
27479784.014842425,-0.09069472889652197
19074964.446183767,-0.09888882959719758
26552859.420557905,-0.1060733741221771
18711698.232802358,-0.15688421993138413
28534969.427977264,-0.07581379500873309
18730913.918124806,-0.09469291789960554
26928073.7130789,-0.12309048468647943
24312871.798076317,-0.07735436168922738
21858428.80333456,-0.1441937412058003
25433592.659901388,-0.1024516166064039
20262403.74921175,-0.10001937215971823
22711829.137953557,-0.08742037790086232
21507120.253134247,-0.08343929931327054
36565962.33538761,-0.07582361795943515
37280759.531921126,-0.07281648270185415
27874361.51079159,-0.09571695403012082
29209520.563933413,-0.04907661317546941
32201352.69326647,-0.07862060674391624
21828487.843439158,-0.08733299966059649
24621142.53888846,-0.05656747334210532
21666240.153997432,-0.09299453606244479
24618578.465335473,-0.1604179700845032
35058800.621658824,-0.09578568107217666
27750733.27582939,-0.06748214064424507
21848796.167218078,-0.09076555149725851
40061531.702397026,-0.057871239128032825
31899969.12131434,-0.04907661317546941
20921649.927106492,-0.11548868950317825
22067630.123737264,-0.08115286647951714
22517422.573822793,-0.17353960425422577
22880306.495775808,-0.11468451437703886
25426694.60829843,-0.10009646367814684
29528549.103677582,-0.09490221120659148
36118063.183573924,-0.06840306415041486
41024274.65919385,-0.05443108000129482
26256275.104523897,-0.07249096088058204
18425992.09103074,-0.10159328168611292
22775678.349149074,-0.11587084410647208
21586313.56952796,-0.08944154712926422
27348376.61155517,-0.0635655306891354
24576758.42005666,-0.14420576641328087
21260870.970776707,-0.15027782126215872
36469679.86326735,-0.056670217977773274
20230686.877915587,-0.08727084817408937
23054285.723802496,-0.0810557237176398
27366828.87122236,-0.06792417754251567
32917536.140653502,-0.07582361795943504
25934331.58856876,-0.06591315475482551
25292078.349618297,-0.08343929931327054
36869785.79328429,-0.02442993456687914
30059223.914212182,-0.0887051038293678
33768171.67544131,-0.07365277196431186
20836424.74675125,-0.0635655306891354
21508693.138369367,-0.0872495710347958
29436621.148900624,-0.06626517467740478
18236416.583181445,-0.09754106835404841
28851475.731541514,-0.0792456770606832
17814457.852071635,-0.06470443071796306
19060811.716008253,-0.13567681405461218
13990957.93430674,-0.15067882535841248
20430791.725377947,-0.07490674860102209
29288434.585061044,-0.10954411369502393
24316738.61304853,-0.1227296467476443
38005042.565948874,-0.053478140209142655
28873354.709346596,-0.07036466036259303
34391771.55101594,-0.04907661317546941
19503715.41481646,-0.103159861944779
28496157.880333625,-0.07793738665531091
19812362.206201065,-0.13112029743147513
29997420.307340313,-0.10930797654641189
22515750.66078517,-0.07937607471795738
29138702.369262397,-0.08275426111825612
17158791.421674665,-0.18376747008165273
20266775.0759797,-0.11511050770270304
24213819.337954942,-0.0837467071851089
27113943.755280606,-0.07971457556556161
28401303.297839668,-0.06562082884840026
33292048.107102033,-0.06098955886578916
28192722.517496597,-0.08378802177123779
22640245.86583562,-0.1191485719870019
27829994.659701686,-0.09800371652562001
36349980.24206881,-0.06991737963005384
23542528.294865996,-0.0859987453912987
25181965.231759258,-0.0794243195962937
35841727.59739134,-0.0635655306891354
32176021.447016027,-0.10740699389166608
29091338.1756688,-0.06837677224863314
38610521.65394156,-0.035298957103336526
28459998.3277193,-0.06480546212605687
35425916.56449074,-0.07392487409531145
19094505.297041405,-0.19582258296377453
29914358.726891365,-0.10599526461793651
28327452.188498426,-0.06328989624783732
35536325.804503925,-0.08167393707312764
20631348.856492892,-0.10177027132052407
26997208.03175686,-0.0713739395277595
35821988.41881626,-0.09984257149029441
15529104.662398428,-0.12285605971197966
30731791.27843835,-0.06356553068913551
25848172.70350398,-0.057641233705762795
34867916.62898401,-0.0587214419426324
27977313.2082323,-0.06889853957023584
26088206.851886068,-0.08955502183606356
33225027.41367361,-0.07997887303223972
35906826.79506168,-0.05521583178612233
20440614.005127676,-0.09200796616081286
17971613.58983293,-0.10109091346436272
24937438.823640574,-0.08011050516911344
31819810.725906756,-0.12387625389948553
28202380.546080843,-0.09646407579334382
19347226.29300118,-0.13218952382303606
38777323.2247253,-0.08455313662424879
22050102.50435993,-0.10517934934298057
23208060.997578233,-0.11350752152049759
45054904.598455414,-0.03694030982828289
20681747.77475968,-0.08129924480966311
24547509.97840489,-0.09690021795578585
29430385.09777199,-0.07580237800730139
27052468.30343928,-0.07939244901136422
24644293.60249167,-0.09996256843266083
30327121.610527202,-0.07342681155591468
22420384.991797566,-0.14516304777497202
26640045.083753426,-0.07946376853643888
24098555.119883772,-0.06524986460325344
26393069.97025377,-0.06760855453673054
31145172.968539253,-0.12176316771109053
42875622.04927782,-0.0490766131754693
24914331.15090276,-0.06356553068913551
53353073.294563286,-0.02995481547852563
29634776.64062743,-0.07794007485337862
30561474.124733385,-0.051505848308771696
33324724.598215863,-0.08599874539129893
24451706.121680394,-0.06503470240843778
35769515.188985236,-0.08599874539129893
30750874.94705854,-0.09311557648644853
21087426.87280946,-0.14736490967285554
27114464.583879717,-0.09486415386348857
24128026.63951472,-0.07905666915608456
28668520.19941815,-0.06180670836457358
19177094.63588209,-0.11608889364005504
22291296.548436653,-0.08405536375520029
29872999.42652541,-0.07271956754405307
30249783.183933355,-0.0760634425738338
29938642.63315078,-0.0702353899561613
18007208.090942174,-0.11864484312819434
18152994.132083934,-0.10484521243325695
25743513.876785986,-0.09114814587943632
27666461.823055647,-0.07403310380580386
22835027.306877192,-0.12283151267599779
19689857.30364011,-0.08245693684538546
18969161.96012913,-0.09656568774619245
25655844.76996311,-0.08955502183606356
26097026.764298297,-0.07358615644701649
18089045.750793263,-0.09191318351448241
18510530.641174335,-0.18435588603838504
16296966.749576222,-0.11265715125356623
24194475.07439393,-0.18790589723183837
26598201.456901543,-0.0771635218764688
23276106.452890236,-0.1483632502498965
29633070.142574634,-0.07630156672685195
31313347.127590433,-0.07937398026583586
35992509.62138616,-0.11420548819327137
15868219.818509797,-0.10105998457768184
29152886.26370082,-0.08853651561311349
27112791.018901367,-0.10574941381610825
32136758.07369471,-0.06503470240843778
19584158.102048412,-0.10313046837625284
25854786.085125923,-0.12105393359391958
19382777.362678457,-0.11614393350084085
20361948.13532351,-0.09545549979511803
27177708.555069022,-0.08457543121788635
24518645.012711365,-0.09523678705332794
29228503.883006506,-0.06605978699396609
27161704.356189888,-0.07416625182569414
28660478.93260276,-0.07610166146250297
21626683.86955284,-0.055260997218067986
25394461.903416444,-0.0968204004374491
32954506.433667064,-0.07985740440171951
18340938.401631244,-0.11361705448975001
29744148.673275657,-0.055186547965278
17562792.324718047,-0.1075516789995502
21670554.40716236,-0.0807286371574254
29828925.65887504,-0.13289268096295948
28356126.211495467,-0.053869376365743515
19240893.149517108,-0.17336490514688674
34394195.39935342,-0.07535385577974207
26792409.824687123,-0.05474171599218913
21387158.350465115,-0.10082634317443229
22787715.934728652,-0.06356553068913551
22189645.17850551,-0.1424883525019045
25695333.19293683,-0.0490766131754693
22611521.205778357,-0.10469702257548974
24179787.36440976,-0.08343929931327054
26443445.55397421,-0.08829000718312108
22447918.525037408,-0.09763105775172076
26743881.6939572,-0.15018730704136551
36575220.499912366,-0.0690176375372008
27034313.530590612,-0.12853846066945118
29413450.19037993,-0.11688296026746958
36305917.38666447,-0.13322049385087442
23031225.279229496,-0.15971295784583184
27445908.459048748,-0.07929996097006797
26520674.773250353,-0.04794729029442446
17017643.90991437,-0.18350737691072427
30612411.273360576,-0.09574471239016402
26220183.882932737,-0.0805347618671316
24305659.283071205,-0.13651786950972122
23873615.17817007,-0.08079204944933804
29302798.087174162,-0.04825446295071589
21450476.83312455,-0.1642087476630366
21296941.289184287,-0.11165378724699426
27114755.656670235,-0.085643630099703
27447080.793285765,-0.10868108257431686
19865578.31361175,-0.08489925564422307
20577995.475401863,-0.1693106067390201
33615828.69662491,-0.07276004053637697
26916656.587606117,-0.07546822492537653
27787567.348805383,-0.08145937877167353
21412516.97968689,-0.11912834752288837
31299730.217832264,-0.0635655306891354
26819840.60049337,-0.04907661317546941
17862682.37823225,-0.11003787470593462
26297770.90232233,-0.12733245707370378
35976814.48715551,-0.08187313920876937
23897512.876012422,-0.06894146499819298
34795629.6600893,-0.06356553068913551
22518621.041873936,-0.10467538873349869
21302252.56196091,-0.09402804931230324
28403084.164805446,-0.12727844541353128
20310332.848915495,-0.09087005839839313
22462223.643418305,-0.10075100814303717
27894513.663068835,-0.08901811751615674
25221746.43374285,-0.08435833096097589
23882564.04918971,-0.09662467024385213
21171388.76577577,-0.10232922445303283
29895337.457858585,-0.07403310380580364
18965707.211886685,-0.0940915104013551
20937148.569197,-0.07697670401704038
33612714.563763306,-0.03374640239378712
33932123.921635695,-0.16259179422289305
27224841.322629217,-0.057450783562306706
24572641.91780573,-0.09724308479918164
20314527.23908774,-0.0762147266977996
25535904.242624335,-0.14758578001538614
24366122.937580347,-0.10081225438260222
23918517.369063754,-0.10121577137528015
27303035.512358233,-0.0719870250323591
31105491.045534506,-0.0701236117723627
35199041.57524867,-0.06314619003779165
32871514.702059325,-0.1014776172750319
18189166.80682118,-0.14562588114163666
25536756.75770335,-0.09116930653806943
25287749.125206936,-0.07307410418206572
24962538.96777023,-0.11674449736885495
36574548.701567315,-0.139555493038807
22090026.62856736,-0.07506376925124714
28132815.031860035,-0.07094096071592981
22815576.694974463,-0.08067434079271196
33538749.653754506,-0.05740342381940111
42063914.891485006,-0.05576413719605422
26932537.932547066,-0.09191318351448241
22458250.0171557,-0.11250808025335024
38507407.82237696,-0.06291471090343215
23416691.133324917,-0.09354340060911936
18406196.373898078,-0.13772553740710602
24821532.423767615,-0.11548514118896691
27304917.921555404,-0.06356553068913551
22102532.370779734,-0.07697461936277394
18378100.92022704,-0.10514452780941375
32339241.233273793,-0.0656320146892665
23465409.31823267,-0.09166606946804057
31113965.818524554,-0.08635522366355164
31345245.32636043,-0.09280738300972102
29060557.573142946,-0.09574471239016391
31285807.300839078,-0.050444510273540355
25515520.01110809,-0.07185545511564084
33372823.73617104,-0.05982860938327683
18958472.65736427,-0.16311430759869194
34978357.43171012,-0.06356553068913562
28749233.874982964,-0.08424321860647299
29772142.49825197,-0.0490766131754693
36463271.96725226,-0.09622460151906065
23681445.967916764,-0.0829853298947375
20827298.473112132,-0.09696766703146376
24053760.884331778,-0.07442244343456028
25522599.232077755,-0.09574471239016391
29603209.24312609,-0.0490766131754693
33884498.85231881,-0.05726434669320757
33287750.239923004,-0.10483457380348238
18342989.05165848,-0.08760118615058599
33720928.24343881,-0.064784721792704
23167504.192105923,-0.10467935618130464
18169417.501402695,-0.10029590041537795
15304442.869922174,-0.17264871490058598
26226788.126461644,-0.11391343187075265
24196706.45257863,-0.12515172516536666
17133002.00038173,-0.14174176110091496
20203807.786001254,-0.08142448766081034
22786065.46049428,-0.07347024198117635
20863529.227562662,-0.13247047121230904
22922966.855470195,-0.06356553068913562
39903749.83731546,-0.05402486269244078
13082323.403971266,-0.16170470108382085
20148050.488490324,-0.06503470240843756
28385435.191887468,-0.08425829734441481
32913230.475891106,-0.059422641541919674
26141183.03912044,-0.07632909169112012
27142134.12124071,-0.0760854294574701
29637352.919695225,-0.1599647829009182
23428568.4386396,-0.11205388625061152
26209372.280765586,-0.06558728779632961
22008430.668020796,-0.13027303070484686
32803366.067509256,-0.07185692423945855
29396135.61303301,-0.07043579420450996
24964066.031392623,-0.11354285226479444
27652619.661609955,-0.1328387681659856
22662922.52082702,-0.07315355858591621
31248413.945603706,-0.04764075126911327
25379709.707610045,-0.07920474777304831
21621727.544441,-0.0956347703045376
21776001.54755754,-0.14590706257426878
23645547.049332384,-0.14785585829523928
49796854.108789794,-0.0450473412816772
29631970.44548127,-0.07797673601164934
23826290.566912126,-0.14515769981798943
25521863.806466445,-0.09010703280725829
23575159.401985824,-0.1316542763685411
27596561.98335588,-0.06356553068913551
23385211.791132785,-0.07956190557317722
23730394.971945364,-0.07365277196431208
23958920.39925252,-0.1357639875373654
24470533.53054119,-0.13352865249813373
15597298.078111108,-0.16462967717339905
30292506.062371604,-0.09428472302988933
28104619.560359247,-0.053613587216157055
22321542.055389617,-0.13979393511508698
30600678.604047596,-0.10679055740886134
18091072.070314135,-0.12652383861774286
21965143.095326737,-0.14844947900764394
21689809.253459975,-0.09503165184294382
30678040.208965864,-0.06645709334329697
29274852.194649942,-0.1448227632165645
29941402.591872375,-0.049432047875400786
19656347.58897698,-0.11325113678009191
17897347.58287791,-0.12890092903412875
30306481.820581138,-0.07069713639992425
16169827.421438865,-0.09820997312565383
26122933.573154014,-0.10977696408841842
24812426.559832893,-0.08409859616167226
27609825.383316994,-0.09543904909965262
24196857.992866967,-0.10083826297180443
17347313.319023356,-0.1297962861016979
23973195.592725243,-0.11547097833541098
37862674.31380271,-0.14881666922072057
31341798.216828708,-0.06356553068913551
19711581.578057803,-0.10718250091586445
25027324.784014765,-0.06933379413306606
19666424.030918546,-0.12829578766372796
16026978.07728507,-0.09922880938680845
29271212.17296552,-0.08955502183606334
30273688.901223507,-0.08605704665270186
25040857.67566557,-0.07613974934876921
18157744.79729465,-0.06356553068913562
18589926.76562961,-0.14057816818519442
25066540.669457912,-0.07407181030405474
32532516.03266551,-0.06837677224863314
22198731.08743071,-0.09453139884899042
24010918.045794386,-0.09734022427525735
34063274.49857205,-0.06775525902396251
31108649.84554877,-0.09355510683441515
28199770.002276175,-0.07089061820390119
23279907.603236128,-0.09324749917511443
21563982.81685873,-0.12299537055682253
42030411.02214149,-0.04359391293780657
21947695.625470996,-0.07448653209808587
28253383.0250555,-0.08753020163771241
28382172.178297143,-0.07135953697595732
17287865.54869675,-0.1225996723978311
20591898.703229833,-0.08830560055020886
14973406.391240159,-0.1522474679814282
34128837.0605384,-0.08894854078414427
37475227.99398664,-0.03071552160946278
20967033.93259018,-0.09893439292549122
27540299.087734208,-0.07183284179344063
31199132.236635454,-0.054802316402844165
26695763.435932748,-0.09161625242507343
22488338.578464337,-0.07284468467681549
23298872.24090643,-0.08558998787618433
28741433.283550333,-0.10526884961086669
34031026.98809981,-0.07185692423945855
29459802.382072784,-0.07403310380580375
20947044.182660375,-0.14220730832263717
22682294.94798426,-0.19702027816552037
21853155.541314986,-0.13591251312434538
24779482.47596211,-0.08160706234849036
30674384.37635823,-0.07179176741173687
18576759.03394118,-0.16490212440577123
30872274.63454818,-0.0403351037751295
24319676.214252666,-0.07069849137473594
34193686.2140244,-0.07585523573634856
32879360.676376946,-0.09064572242000779
28702105.266169608,-0.06356553068913551
22682756.426940694,-0.1361227659165557
34029572.49614248,-0.04905844683125038
19327503.382894523,-0.09775174943499476
17569211.966527086,-0.10461188104859154
16804679.916278847,-0.10039422345171023
30263567.553444333,-0.06523035530312238
22147996.749386832,-0.0990097628143628
13521554.464210484,-0.30591430174429435
29647528.26598972,-0.08587377751152492
22644885.295473613,-0.14888510910196373
25254405.045062833,-0.06882925054343969
22823082.36594389,-0.10422211459553221
22621041.024035763,-0.06818047533342142
28598115.21193762,-0.07207831221779137
29193633.15935132,-0.107475351659854
28389296.872883447,-0.08368368070872345
12072115.106513323,-0.18841166281423005
28583951.24811656,-0.07433860272009118
29750294.972149935,-0.08535719940145203
34045026.83604489,-0.05900998144694691
15527847.392072996,-0.21367710404348084
34965047.87076798,-0.06356553068913551
27621798.16272245,-0.06388511164068245
24436447.99834859,-0.12675555688395623
28601564.47749585,-0.0888028042247877
19978648.302625224,-0.14390319363395487
29563322.077540465,-0.08598179121408289
20063008.619016074,-0.1219939376589505
25751323.82100226,-0.07948346842721055
28036618.39162741,-0.08512819887566236
27402001.07759016,-0.04484882237691945
20566374.02923422,-0.06758917179675894
30967653.010325685,-0.09554110405366989
22379894.658711135,-0.11109225217572083
32823843.663313735,-0.10969733883449195
34208616.81138538,-0.05791714209902932
22524367.51359852,-0.12640330734518945
29558115.974627744,-0.10316240365177054
28420939.505619735,-0.0820965174034265
14605149.03007963,-0.17713095155177427
32658666.925229274,-0.0921715370349443
29386630.0035261,-0.0490766131754693
44234473.9858513,-0.06650870677315857
23398505.583876062,-0.09328992990823748
25359226.19754051,-0.058035235121915885
25170101.510011878,-0.10871776919644704
19037460.181167897,-0.12888091465108675
21405667.28640609,-0.09152726164339398
30308994.14231627,-0.038084544364686335
23690914.26700061,-0.05901233998669875
40453094.969057694,-0.07347024198117635
21196369.819028877,-0.07546822492537664
31282764.940962754,-0.09958133347253617
23167042.818138137,-0.07630156672685229
22011036.51215983,-0.12841832834807332
24544488.46855835,-0.11136563255043441
26617922.302859057,-0.1113444854522152
23068869.268388283,-0.09112845281250403
27039826.07693534,-0.06553704394959381
27640890.68496487,-0.08852804038837492
28446061.881392147,-0.12923771369819692
27474458.28666048,-0.06521762067844772
19802982.352095645,-0.09161625242507343
21459363.566347864,-0.07442300874860419
21757460.362236112,-0.07834129897188546
41846893.316687845,-0.06524928768637983
32018514.365126953,-0.09198920897207896
26898400.359423067,-0.07268956682507177
24809024.993181482,-0.1002398110785303
26107581.468564652,-0.1101784589730278
25736890.87939105,-0.08996027222830494
25121772.31659592,-0.06356553068913551
25750096.30293033,-0.09466208639091389
41744456.41993633,-0.05968432018605374
31947159.84041452,-0.0999771960863356
23899244.573681273,-0.08191649422776826
23145297.90771937,-0.16912653648767906
15888649.374137498,-0.12343077668488045
17390446.597643696,-0.11680061150402987
17462415.522854142,-0.13548297848063973
27540389.866288383,-0.06792417754251556
26309904.367444977,-0.07107832784985246
27913826.112890843,-0.0859987453912987
23564142.83826136,-0.09955313224279305
38950272.458176136,-0.05150261565919656
28228585.04041453,-0.1302347785468918
21980825.534736194,-0.07171062558906682
30937851.549287513,-0.06515819418555624
29648333.250205245,-0.07326780465709015
18146864.502064835,-0.15474589064282207
21442319.826248433,-0.07075378955633749
29489111.255363047,-0.06429355270997195
24695899.158087205,-0.11784995146165367
34163893.480992004,-0.06397703896219809
24609437.61761238,-0.06356553068913551
29725102.276634682,-0.06164810359642803
24244062.42714897,-0.06270342882805091
32384134.164146617,-0.0777490421978485
43935435.307429485,-0.0490766131754693
24598557.122912034,-0.08599874539129893
27835987.57208691,-0.08284368033634015
29668518.065620027,-0.06978155622029569
23699577.95136482,-0.08038509357741075
29609443.046410598,-0.08914942924850189
27954933.075128544,-0.07373056661175881
24491215.58774246,-0.1260428595706622
32159427.720737744,-0.09136592662219001
20916900.36135446,-0.0909017983427095
29229434.318032347,-0.08285762581694778
22929939.07263201,-0.11805632003407196
29925959.928322982,-0.11517797959525133
26901088.010911796,-0.08693736239796213
25175357.303934645,-0.08129556796558357
40615505.20210676,-0.05548353292338715
25339358.0746545,-0.06751873120833174
23022314.445990406,-0.10853294923267087
21363152.184093043,-0.1350339693064685
30688578.2601422,-0.07296618664306831
20428671.32724315,-0.13071161813015897
17940043.84521979,-0.09418140564481281
27270798.304857377,-0.08732986884383631
25761016.963356838,-0.15845371738789316
27175982.419423718,-0.0784355976299741
19129256.745112643,-0.2024744927320019
22319243.447430916,-0.08536841998269873
22689139.026301734,-0.1493547907316407
27091158.34859958,-0.08957678157585036
30819074.477310967,-0.08245035204999296
28287680.4519306,-0.09384682709186154
28375867.86057946,-0.06356553068913551
31285008.84406925,-0.1177759956797172
27405599.16786879,-0.0692578773091328
29139369.818519622,-0.07366628505117767
29748036.54349113,-0.08600577527799813
23497250.620439455,-0.15833144717116665
32027073.73667835,-0.07358615644701638
21099147.47171817,-0.0450473412816772
19372031.75902339,-0.1405988987125787
37320550.330674574,-0.08464178066978412
27480067.007581223,-0.11456318960869183
21093345.497503098,-0.08208020353807122
25577903.49722303,-0.1343592291134459
24663572.49257251,-0.06988784866970454
20421895.143019374,-0.1263513027572002
19884463.434896227,-0.07486470328076589
28260691.68743523,-0.12192407175470699
27471571.115787085,-0.05376296223135302
24078954.624826103,-0.11642048726065612
31316483.813084986,-0.0568333626278934
33368694.95546243,-0.06674528246251088
23125293.748686552,-0.08100174919490388
17189360.300475787,-0.1551493759119158
22000414.427090313,-0.11908338833637533
26158872.752084926,-0.06922737345505414
23776646.03604204,-0.1384532622104383
23787575.10200144,-0.1429432956544009
17593268.5609413,-0.12860766148106983
16400101.498367107,-0.1748389671417322
31903909.007435985,-0.0487686540916582
21184154.174505703,-0.1193200767559639
20803681.280382488,-0.10180328972268349
55715520.74580807,-0.0450473412816772
20907383.414936617,-0.1089241920498305
30817884.012376692,-0.08065482543609714
19557818.6956491,-0.17283264499871331
22884204.31552185,-0.1396917620985364
24319163.382133383,-0.10110718334137558
29527011.738531373,-0.0637713557496219
28994807.59212523,-0.12729979419746784
28392004.284196403,-0.05818462412532999
28650693.913420137,-0.09661900813817059
27789657.008411776,-0.11292588906502199
21947815.27840991,-0.1106289163919224
23886396.625836723,-0.12999002368293688
25884097.239217114,-0.06827086434751206
25993217.155096274,-0.12210715815598339
22696508.619640455,-0.0991347180578025
27077614.224273447,-0.0696587505466415
22901212.295527257,-0.1316180474630515
19421347.139817957,-0.08031011894908746
26710251.893231772,-0.04907661317546941
19861378.882851206,-0.13250173216690142
19994974.666199416,-0.1407608382203036
23802533.044514745,-0.08863387136729517
16449930.68061616,-0.07851346898740452
22033469.607081503,-0.05155666491643929
24356052.18684315,-0.0692578773091328
26146047.657987848,-0.11305858593545082
24203326.16178529,-0.11267450748724661
24043149.177723717,-0.14417461040829538
23010302.68169161,-0.11329757272377416
20747191.142907053,-0.09081437161231531
38052405.34635249,-0.08644256350057022
19030247.222250126,-0.09542513490196369
23150744.252707727,-0.08178882520718889
15490228.602358755,-0.17142563327330052
19351604.337340493,-0.08398071931650486
31839356.360082954,-0.06946478008126988
25233622.185650516,-0.07530377138759847
25488791.255748387,-0.10282105438816258
20990011.938255437,-0.12310954190059586
19746256.75913982,-0.0867552040713373
26248238.991795737,-0.10894392414433318
26412823.356242355,-0.10131263720975014
20348396.467268664,-0.11460797691481162
22804584.206145715,-0.0587296343992757
31582554.55779315,-0.09161625242507343
18928120.758557767,-0.16257746695923536
33902831.06113474,-0.11914649017343981
28574386.01418711,-0.0658245198203522
18000675.667222362,-0.1354364493124347
24465761.119712383,-0.11908420390288066
23462953.031558968,-0.08934896406977422
23523958.67008486,-0.07311119575591218
24069206.963913098,-0.09377041422688426
17430598.827124335,-0.2027805408445006
29909742.619372327,-0.07715653575169568
25625128.617024597,-0.10363591808811534
32815569.03012271,-0.06356553068913551
33183926.247814596,-0.10608366544265135
18692412.304082032,-0.14619837903715938
48978604.49273596,-0.0450473412816772
29548504.457372185,-0.0490766131754693
31983396.807728983,-0.09790204543537206
16892190.463114407,-0.14793515964214665
26542977.07397512,-0.07639455593394273
29108673.284805242,-0.0815082077534609
24360255.01566251,-0.12515724722241828
29997300.3790663,-0.08842096067766525
31730799.439023677,-0.08644256350057
33529571.873855345,-0.08460372383933545
27508273.446711645,-0.09329611517836145
32272053.256534904,-0.05029968916985894
36452937.472009614,-0.044433661675279956
43503964.169909365,-0.0635655306891354
29750660.192501113,-0.0635655306891354
23748859.856184255,-0.10540911762326555
28004297.077848125,-0.1252569600521537
21924970.108125385,-0.10211181670282543
31657663.205072038,-0.08550381923303974
17722104.24363477,-0.1448619393239019
17553213.466534253,-0.09535477734515174
32648365.174256843,-0.06428747560286907
24397168.13641736,-0.07576340700704132
27125563.066530533,-0.125661762017114
16468456.779100867,-0.09632173424833002
23840159.286265288,-0.097138085852429
24765352.685514253,-0.10198878451696758
34214547.27118957,-0.0793121975829103
19540182.341031358,-0.10958462387670975
29554515.72219055,-0.06356553068913551
22643013.169803437,-0.17049463350651894
32610297.910368536,-0.09733295334623127
19289715.93206505,-0.06218535334815478
22038081.657630496,-0.05871073577202879
33825971.05338445,-0.062170122626822644
26228269.142036654,-0.10952256290368056
22002116.396277424,-0.07518679350737911
29980856.304270856,-0.07204698101522511
21722353.79193557,-0.07795569664381019
29930707.729539063,-0.06136797790673121
24976765.821250513,-0.05913457442744885
33613678.85598665,-0.075794897664345
23450151.899331976,-0.10727074197620257
18702506.651827842,-0.10952256290368056
24477949.770281415,-0.16071923907852215
23382352.98675418,-0.12176838831072967
20104848.345250264,-0.1123187455804634
28447971.061463397,-0.07229868281348173
36796741.86310969,-0.055958435798479145
20980743.076834377,-0.05319320813528505
15431564.877767503,-0.16943406617727852
30491260.143760797,-0.057382896268926675
22029155.759179853,-0.12122533155712234
33528516.387014214,-0.1358059266148257
36688957.68564848,-0.07232646989590552
28448404.09532151,-0.16777146145630184
24580951.023921803,-0.08604701120500602
26566605.53429886,-0.0914064388968896
26403434.63051217,-0.10731874454682899
24788641.290151022,-0.09161625242507354
26149227.982292093,-0.07000830167660577
24327688.836736955,-0.06356553068913562
29043085.67681992,-0.0814364896943931
23561202.72694381,-0.10681123974773232
23792120.751110893,-0.09161625242507354
30097009.793996464,-0.08464681078821978
21504934.55255272,-0.09418068806729363
33542562.332583215,-0.05497866665345519
21210733.39900252,-0.08662677495541526
24737563.026423395,-0.048137280366956525
38834512.08397003,-0.030353088458886845
24904039.969719674,-0.1603911098991173
31631263.59159149,-0.06599325900302566
18004045.715660196,-0.10000135287505096
18159351.479480147,-0.09204789612367525
21099740.16653287,-0.07123885953676468
29772548.093920995,-0.05376296223135324
18340107.40740368,-0.08812707079291393
35029037.614156686,-0.13088264340573907
31294699.50609271,-0.0634505742573358
17334960.676597577,-0.11498432284031657
19849605.360466074,-0.09523287455630458
17820184.34790829,-0.11358051156636151
36246910.847745545,-0.10653609651197382
24043347.67146854,-0.08635481198144979
28813445.506178364,-0.0969278785688813
28799144.20807343,-0.055147920331413136
20851788.19910499,-0.13121875447106257
29019845.88005299,-0.05493859297035564
26402302.996519633,-0.14497948801316174
36465622.29281971,-0.05247357441596967
30401962.284022678,-0.05536809119706687
31712643.31800431,-0.08524704086235413
22962446.214177422,-0.06776372083415239
19963676.61365213,-0.09191318351448208
19505537.203055013,-0.10569477841506869
26604646.90312976,-0.0884809568306607
25693826.049457576,-0.055427728000017495
28046831.59051852,-0.06459300632215037
20844797.489339687,-0.10384953115129336
41307649.690869175,-0.08031114842665854
26195567.01038924,-0.10137977576632362
29464643.236646015,-0.09123523438845738
25005406.620486543,-0.08433368287415277
36514203.9657507,-0.06569309720130356
30303306.461623788,-0.07692532359926374
28406834.489948086,-0.08185083890791045
25256961.773421552,-0.13683244961717944
21375368.774142444,-0.1635254952845281
23420922.197945964,-0.1044657093950061
36327890.3148438,-0.0635655306891354
26961568.81724523,-0.11479992079036483
30536168.793618914,-0.06356553068913551
33029629.798499055,-0.07669036877881885
16788762.01852991,-0.09947234595693555
22630100.04789479,-0.06356553068913562
29290676.306340188,-0.06691073351051113
23108224.320991132,-0.17523853801098976
25435504.143148232,-0.06589211995945643
28866783.85429172,-0.0867844660311945
27025039.584226403,-0.05747183967863645
17553100.641818717,-0.11803909286744807
31200557.953877307,-0.10856970182963399
25463116.050102253,-0.09159310492906003
24205156.81286421,-0.0635655306891354
24368157.28321366,-0.06465901144489405
28560689.074101776,-0.09687422325138173
19144006.07093557,-0.07212616079720291
36766719.2692297,-0.053367752747158104
23390894.582282748,-0.07423431481441822
24098855.614217483,-0.06356553068913551
26220152.633913204,-0.10032842098824213
30624285.06887219,-0.10952256290368068
26668289.16240464,-0.08399323069050968
27476716.799268402,-0.10225908958796814
22140764.253806055,-0.08230183778387634
23443471.839370962,-0.1392073984886325
32080892.755430445,-0.13871225819344346
35642633.13434887,-0.06356553068913551
23633623.837353434,-0.1116644420130648
16416269.31088145,-0.08793291631760591
21678421.882081125,-0.08946113315555593
31816106.730054036,-0.07710463036779203
19290991.249515846,-0.07235329553806935
40777310.13975723,-0.06193727784808045
31074625.47564215,-0.12433180357078155
26179127.712882917,-0.09366622217744358
29865985.346174713,-0.0665629586864831
22522669.455489498,-0.08240651309864788
27613578.474651325,-0.11812918982833409
20365814.620658904,-0.09460300144686584
32420078.795570906,-0.08754839207633869
41322057.7941451,-0.0450473412816772
27025974.133918688,-0.07756134776201296
35658399.08188702,-0.06091453451143014
27396039.17136903,-0.09771785435482849
25919486.849162363,-0.15216917866920876
27894477.403072838,-0.0859987453912987
24161571.68590542,-0.08343929931327065
20666054.88839148,-0.11848041185506308
33013908.899853624,-0.06710322901964216
24809253.256065186,-0.05728315596915223
25128754.164988667,-0.08913184958018339
19936354.55760083,-0.11368044952499679
27098218.20160771,-0.06913191903836002
23425235.54319802,-0.0725914572323908
21682887.83725418,-0.09703887715116732
23074412.742053162,-0.10757948617997326
25254403.23614486,-0.08814757393830086
22717832.58206264,-0.09743561353038677
23787127.200634647,-0.060298522085512674
28799051.943459522,-0.09708366346004005
21355363.272866543,-0.08104537683113522
22041987.634370185,-0.13580418434109442
22548909.17289481,-0.11209756013563754
22961243.244960193,-0.07306002394364408
17524126.29666351,-0.09256957534711985
21998425.564612236,-0.11381482819653899
20191917.629685543,-0.1166736798637168
24462662.872369844,-0.0834207511654752
22024337.763876725,-0.08676896372602605
20154997.607051726,-0.13770095412206707
28379736.881311744,-0.10952256290368079
34087632.66723323,-0.03579335647006987
24194424.16017034,-0.15501852989006304
26610999.959825702,-0.08240651309864777
26610667.49919978,-0.09988848862171062
16455699.184534669,-0.09709677918108806
25063623.73324976,-0.10002893312052141
29775726.427461468,-0.05688484475634459
24917214.020643424,-0.0831653021948594
40307548.92604414,-0.04504734128167731
17399221.16935048,-0.10882332102764203
31966214.198267635,-0.04504734128167709
20733396.015258703,-0.1157273546382851
30101394.54703781,-0.05047352952329287
34348150.5478104,-0.07242581740547682
22970745.18746331,-0.06869906461396114
21533447.228315588,-0.10582139694623749
31507432.02570204,-0.08599874539129893
22952972.64755014,-0.07513912007618506
21204882.594007265,-0.11229221452965199
25297281.814261813,-0.06550948286934688
19894756.497087147,-0.08108820561262597
21217516.092728857,-0.11307007341904496
21330768.33486855,-0.08270868626988159
27566303.069556333,-0.07802637214515196
33930447.65784751,-0.07359680420660553
20108902.109817855,-0.10574941381610836
25941938.042861108,-0.06356553068913551
19837851.4008246,-0.14204131597480618
23949392.526838426,-0.11109357391165642
24986054.781896256,-0.13331034553790722
22735382.855578564,-0.09053060742209151
14263262.630378466,-0.1546519775525772
22232502.06321418,-0.09591497984603614
27816861.243415356,-0.1053604211898923
21073874.919222023,-0.07487478923938362
18937426.776211835,-0.09704585539545241
26547114.890859272,-0.1380598420774628
21129185.2831242,-0.10633987034281112
23230845.133459132,-0.10172111158282704
27757340.239156466,-0.06356553068913551
19493783.84132307,-0.10147707271586393
27919396.415517874,-0.10413371484892919
14824850.374378992,-0.14863594650040235
31349410.689059645,-0.0723076092937075
19405431.16179754,-0.17616919408030685
28069409.282755222,-0.08647876732846393
19166520.84178607,-0.13220693950462292
25355250.399317734,-0.05197480141519184
18017323.096722286,-0.12271108607795778
26441725.018310852,-0.08777312973954787
30967760.62553428,-0.06356553068913562
26563464.976947192,-0.07046363494306418
28239347.211055335,-0.0868427753365495
36783491.039760865,-0.10227790085998534
22137804.220280197,-0.13833189438009375
30027812.138150405,-0.0835424396282588
18768493.154495317,-0.09476083538351543
30391509.452033713,-0.0764450923832235
22894899.93876429,-0.06897964078927088
27623567.907822274,-0.06689527411372309
32708661.88792403,-0.06877326983519505
27434580.567941573,-0.09039104542587095
27875175.37818867,-0.17408000902285625
30127389.078422602,-0.1550206280503572
20415966.121967223,-0.14638170890321867
26090063.76679395,-0.10988850140221351
33126041.60477699,-0.07582590316986648
26559980.390366092,-0.0863992586543807
27447090.998704813,-0.07667747496122523
28309788.335443668,-0.05217117718539199
33910259.35509612,-0.09896894603768513
25220577.85574558,-0.08280431445472747
22806601.39878483,-0.10014152679181243
24094054.140349172,-0.05035806456923486
19614508.51618009,-0.09939702589191979
16830270.48559358,-0.10232897642338579
31041253.9114678,-0.05724163708035801
29420324.874669787,-0.13963072444026303
21518786.873339146,-0.1143065381458388
31232893.26157194,-0.06630139573308758
24198553.058557186,-0.05605624798039743
27652251.25432882,-0.07183284179344074
33724262.733714506,-0.06356553068913551
22615588.168059938,-0.11390777154984733
30472082.307625443,-0.09198920897207885
32728392.176931113,-0.0450473412816772
32682443.690751605,-0.06356553068913551
27881524.03623993,-0.06016713585453959
44205154.70265187,-0.07486537522483427
19862335.94496675,-0.10778873568698266
25665151.367448263,-0.12241116890098958
26748084.816126224,-0.11467337732998895
27712913.13253906,-0.07578362460386567
31807193.61083377,-0.04907661317546952
20279849.026327256,-0.13225051225239715
22299636.688792735,-0.07138165419115539
22883233.633663006,-0.07697461936277405
24468399.629521836,-0.08347278897541388
35248959.38550094,-0.06394133130345003
30340004.029667687,-0.06498094037713942
27400327.481650367,-0.13303032359062839
22427118.4137821,-0.0996148507315533
34262277.65292675,-0.059784866938781045
32768714.91120141,-0.06391554974347435
25727230.854201104,-0.1113673874863772
18416015.573242836,-0.10003549434726744
37631765.75032984,-0.0490766131754693
32712922.479134988,-0.09161625242507354
30171444.22189211,-0.0692578773091328
35189726.653959215,-0.10993126299209188
21618810.017020382,-0.06923103921473273
27945386.618986405,-0.07028646312459264
22649064.02471757,-0.11536404684238888
23265471.34494168,-0.06749168582778486
17813763.93872047,-0.15207635694035426
25878273.075660285,-0.06356553068913551
27116055.441021424,-0.07630156672685207
50211141.88057434,-0.0450473412816772
25343093.50775157,-0.06604795006869446
41113413.55605129,-0.06837677224863326
23859832.11136363,-0.08750847556455377
23174550.920115665,-0.07257316476853182
50185640.52588383,-0.0710311472126478
25224841.598059125,-0.13400950530764144
26869864.808111936,-0.09230075768423385
22910162.257642344,-0.08356676744368197
30893799.115510743,-0.058721597515863255
14757340.432172332,-0.10476725859503355
19413524.024206854,-0.10910871501210195
23195299.864841063,-0.14919094189300008
29896511.08041291,-0.08123105993995294
19757919.86294274,-0.11766248575737737
35812898.23847729,-0.07101626670363703
23955070.05106029,-0.0797157028275648
29457949.04388924,-0.07318878224194159
16555490.408470396,-0.16198002322467553
26060135.593148917,-0.0490766131754693
28340200.473068964,-0.07020120114812867
28977628.9573457,-0.09146011977209789
26180650.827455223,-0.1627745478120881
22332363.455331694,-0.10627442985507896
35503361.42886098,-0.06094983749326999
16615572.656921629,-0.0988908412182602
22402255.396318566,-0.15043968184043466
28822748.925624,-0.08662895575105822
37784096.41539505,-0.07693612369789549
29485368.921496063,-0.12123000225133829
40931266.08294295,-0.06715988113114979
25828409.221454997,-0.0731535585859161
25846143.727251895,-0.10370049575432994
20151499.1642317,-0.12969857342018842
27048954.878376316,-0.06550565101917438
26038140.280258913,-0.07978430615796206
23248150.25271544,-0.1862423830840657
29997547.137460027,-0.07354281241498306
36297443.710479096,-0.09853353909400009
34069388.756536484,-0.06578963663565962
30546108.529585198,-0.08461847923406196
30279034.296395656,-0.06862650796061254
25960556.88517119,-0.08313567401874167
30255097.772106044,-0.0494213664477976
19392774.16129594,-0.13409068858330198
15681467.6861714,-0.16263344425875959
24464686.49868974,-0.0769175502716628
22665047.90609723,-0.07593461487327802
38464724.22789136,-0.06356553068913551
15170309.94747384,-0.2066719479185175
21462757.584481314,-0.06456620159725646
27696077.93012273,-0.15021522706423318
13281066.5635201,-0.1433356082271341
32298784.506464884,-0.07984962035772392
25250854.565554358,-0.12499190829829676
27372436.85183285,-0.0834023144792565
21820758.14426589,-0.13852215075087693
29994576.21721998,-0.06112678555071516
21680667.794890992,-0.08081987753224784
39354187.343668304,-0.067859336780005
16665447.319402343,-0.09215377270974612
26627077.788834773,-0.06392153610592066
18496202.116936386,-0.06817725570570443
27605417.73029623,-0.0654429748988028
43729608.66370585,-0.06356553068913551
25009139.453028403,-0.07248719755640343
30844024.497503705,-0.08894095304186089
28326219.41468744,-0.10524542616284349
34346573.37938161,-0.11728436874555637
38711361.80928021,-0.06776372083415216
37431177.09869446,-0.07521334029128868
35203881.3721877,-0.0635655306891354
24500932.08073263,-0.083133735454886
29870523.771359723,-0.04810298913827893
21038187.961923968,-0.14071145883270275
32096404.013968844,-0.08343929931327054
35647213.36201319,-0.04673210169945263
21888204.796103343,-0.12241214784163335
25266741.74906455,-0.06787613098018885
19779700.910167303,-0.10270517406145474
27705966.965399135,-0.08990337530361692
16843892.166287426,-0.09756323825323909
32476105.81074859,-0.09130827332121971
34567262.36825172,-0.08332888560525276
36392033.046861984,-0.0490766131754693
18729711.15177386,-0.07411391247828591
23838515.28828121,-0.0635655306891354
26159142.872436356,-0.0821094651673
19036304.600829463,-0.11604858972053733
25872194.358157426,-0.06714450057093246
39454207.87100327,-0.10266585119208627
21768734.423814714,-0.14220730832263706
23157554.56446965,-0.10204809077643673
32304724.6899384,-0.053111240081832545
23459526.621620122,-0.06356553068913551
25714695.591833547,-0.0635655306891354
45919661.379474476,-0.0436500500184519
42708093.29509578,-0.03720702741789794
30187995.606498383,-0.07102792515657341
29777239.288404327,-0.08131748071518297
21710370.894428957,-0.1254244053580017
21023883.104654245,-0.1025879753847031
28394222.860690605,-0.1432680121734895
36577967.16254346,-0.08975513449620298
30965511.100444764,-0.10440836449839608
24705364.026395947,-0.07368614335163048
31112343.32115096,-0.049076613175469186
25166895.921344534,-0.10915749272073172
17984204.358303063,-0.09007168161037094
30571665.86724746,-0.08453178253496452
25597868.277224172,-0.08415587428000049
25846075.375145055,-0.08767235005247564
27996626.394600615,-0.07130908432814587
27205081.98302653,-0.09161625242507365
22849126.10009083,-0.12300929405148042
34273934.57825445,-0.042923776491793686
30577029.846337363,-0.0672247766569588
23095790.089420408,-0.13675743140714625
34002728.45921379,-0.06356553068913573
30374335.98296626,-0.0704591786031048
24874086.087693833,-0.1430013688766657
41711631.76894302,-0.06356553068913551
26791891.851939492,-0.13557004149385443
17136314.226701178,-0.20602120246348732
21677762.23797103,-0.12292536091170259
16500265.302534206,-0.2181142377362152
19435633.140820853,-0.14276934176328437
30480484.627129022,-0.07630156672685207
30004956.677321017,-0.07592992376768737
30191107.8493091,-0.07324624912821232
16517367.556124536,-0.0954195272322188
21386075.92140883,-0.0786922471632574
46329952.472147584,-0.049076613175469186
16261430.380129017,-0.16179799029777742
37131730.77398135,-0.07457556017264477
26167789.584641114,-0.11783560989822661
21391617.460198864,-0.17220958148593368
22591847.95093688,-0.1992221998722027
26659650.834228005,-0.09759288473465244
22126540.138905432,-0.07164844370217882
24760509.07508278,-0.06252847907771375
30772168.603051502,-0.07614042650463027
29976545.531846043,-0.08834425006607083
21921168.035298854,-0.0695736283599745
34846193.4112893,-0.07794007485337884
34877808.23185413,-0.07594858085648792
27653972.189858355,-0.08237865495473418
22965126.126029674,-0.11303103837565898
24325058.802178994,-0.07185692423945833
23849230.339726586,-0.08570402356757623
26781689.42735648,-0.09852978798061585
28564644.203066077,-0.06603659739402123
26238535.77965078,-0.09629373580643397
21423270.78470822,-0.15114374111506912
33772407.576376036,-0.04907661317546941
22312633.97503609,-0.1105725868614057
26914448.68501955,-0.05528006879199643
28968747.734748587,-0.09518977452773147
24080319.578617733,-0.08992137451933147
24809078.574798785,-0.08707403636762157
25182827.780484516,-0.09240236382608236
18042060.83501993,-0.09172395376141573
30674894.025836665,-0.0689796407892711
28381844.260873023,-0.08178600686698856
25244367.460463114,-0.06755352403411186
21032619.197240625,-0.06470297388382484
34254528.97155746,-0.04907661317546941
19161093.369403314,-0.08663151823510595
28663204.64161072,-0.06521762067844761
28675957.605759516,-0.09531623146773338
22065339.780427102,-0.06356553068913562
18588385.25452568,-0.09891113150260245
22922212.72923754,-0.12183587280393815
43662448.96468125,-0.06756579498266335
36796894.17022062,-0.05565918047862972
28131684.501482617,-0.09344783579892624
28052472.08882851,-0.06820907889197547
32451784.68418767,-0.08399909352959656
15354672.08722858,-0.12549370719762087
32245487.42240951,-0.0696134549405627
22446892.067056146,-0.07871715174711169
31105616.83534451,-0.08167393707312764
30179983.315736867,-0.11430054683802293
26669012.158549655,-0.06325084155941219
23530724.026939496,-0.08918131692263342
32703899.655280676,-0.0635655306891354
29173390.746721383,-0.09678244708327455
38652221.72878791,-0.09276167269512636
32110309.702770513,-0.05155353097255355
39633910.11829469,-0.07147305649636748
31224516.342744064,-0.06824679596029237
25649480.33159561,-0.10219543052176738
24109776.724743903,-0.04758248019329292
23554657.27891444,-0.08343929931327054
25142583.854705162,-0.1094453878455327
21754802.354076415,-0.0724871975564032
29181320.99308389,-0.08654107674713774
34609406.65320849,-0.061238238280807655
18711381.78684704,-0.08914419814563568
26851807.101699356,-0.08929899456819623
36482197.64442999,-0.06617895468708712
19436692.393041883,-0.16012581945983073
30516893.227505717,-0.0754404846620631
20469059.463606462,-0.1041433238336904
18305923.19637923,-0.08162319734544943
26655919.022824813,-0.07332139744641042
29166785.6762913,-0.06731506815382626
22805953.87548479,-0.13585359656843765
28178149.497535445,-0.0940717290121067
23006766.381378118,-0.1168262409448595
24729090.337427273,-0.10951083661720007
20971818.389444508,-0.1324092467584138
28400266.089772504,-0.06155454854050901
30660487.15643035,-0.06464541949306579
28204928.441576764,-0.05959840043462317
19956898.70728027,-0.09989553078876123
22625763.56175126,-0.1493581474090595
26896632.790429745,-0.11946783549713191
29014814.762798514,-0.08635348990617753
20478448.776223645,-0.06439215585197822
30193045.435910184,-0.0880895765862666
34450030.238239005,-0.04033510377512961
18831244.340493403,-0.16977078239604193
30628721.655781247,-0.0618752333372794
23780584.59670543,-0.14114997837184884
24434147.8118473,-0.08008303380449888
24436292.981475435,-0.07722962356539176
29098919.990486257,-0.08785023075642184
29777595.744486086,-0.0587296343992757
14570001.318411883,-0.10168784378237561
18704190.687335614,-0.12220103012833394
20560324.481356606,-0.14837421260955153
17634250.72729382,-0.13695832464545876
25401676.06621318,-0.06698763597117985
37808712.66801849,-0.06475302462201804
24868687.446469024,-0.08675802861216964
19613105.5634027,-0.08419748922955717
24367574.5244273,-0.16404322930191462
26378839.346530367,-0.06356553068913551
27725277.979501043,-0.18746863618234733
17946097.51703762,-0.16234562088601456
22824317.40152222,-0.14187735217919628
32069743.37863149,-0.055452067852881815
28883409.240288828,-0.10416277234165205
25397621.13751418,-0.09610000877433733
20982174.51061767,-0.08894854078414438
25095127.958543967,-0.11012897461932158
37911120.670886636,-0.02995481547852563
27023199.063339897,-0.07556407169412138
20573538.85577902,-0.11889349106214375
14375699.332814138,-0.18753508027098953
27968643.864093974,-0.09766058290073809
35654380.03614895,-0.11026323535331828
27866164.064965647,-0.07582361795943493
35256526.95243014,-0.0676154609260966
24461902.85561323,-0.11364430453561603
21672765.546243288,-0.10687230189369057
34202067.49390857,-0.0511092760718902
36010274.37373217,-0.049076613175469186
17612056.715643212,-0.08122523292364137
25453335.530816596,-0.11505891297564719
31430988.30573074,-0.06086189619715021
30192146.80297526,-0.08131748071518297
18100140.551646054,-0.11567188135165773
39142933.778567225,-0.04504734128167731
31902267.16419648,-0.053478140209142766
27392036.3634588,-0.08946949236472568
27876317.823990762,-0.06933008331317625
23155746.343166273,-0.08131748071518285
25260084.2938343,-0.13834735542368093
42392617.38776977,-0.07471757269048962
42933909.963817924,-0.08484552557476821
23278179.91517759,-0.08196605069630536
29561477.48247322,-0.054798475085399256
17226843.045690633,-0.12030465313502248
22409332.611307908,-0.11167328143932254
21306608.68826299,-0.08935039216255813
16550795.984270398,-0.09195684409369587
27886320.855087567,-0.07108047934849049
21436898.078874152,-0.1002010713062268
27978769.380224418,-0.06426090809759089
21098596.116968043,-0.10837139825854836
34261803.355791904,-0.11178838778485733
21155476.013947405,-0.10018174909938748
25904124.842413176,-0.11359729976469035
27081893.859936573,-0.06356553068913562
35879677.20020829,-0.08599874539129881
16608274.814501876,-0.1351904523364994
23290937.587684736,-0.07346525125132053
21356017.2435853,-0.10122426991799338
30673395.96565245,-0.06356553068913551
31055380.234922126,-0.06818047533342142
21775666.938015822,-0.10552926922724837
22458589.173310407,-0.08941059892582193
22734793.68235383,-0.1347940430063138
29818912.879514918,-0.07015649018626813
18617604.359429523,-0.1072962977167975
29119345.354682684,-0.12328322636776701
26887123.4807474,-0.06858950136820285
28328468.29352333,-0.1351271264717877
27891751.291747995,-0.06356553068913562
36135379.290765174,-0.07000898392303534
25535398.88906408,-0.1091511883985834
23298800.554551855,-0.07346019965671524
27505063.27973215,-0.08751405233375464
34661590.46769106,-0.0490766131754693
29337166.525803458,-0.11808228622274286
26402209.550842896,-0.08338270033228534
20953888.200261924,-0.13801319497865927
30156764.726362027,-0.1740760891710985
22802060.770688202,-0.05183257090505056
24556759.83683902,-0.07723536834587108
16550446.386536226,-0.08829380565061218
22727530.659899577,-0.07663542404086277
22613794.824049592,-0.0880723577371586
24002837.083473146,-0.08274948979918395
31994777.293294244,-0.06434680207829291
28953407.17288441,-0.07708853810727079
29643174.328794274,-0.060979544680099695
40136392.66097461,-0.042484300605898806
19747145.759050407,-0.12236058394952498
22834849.308095578,-0.06542414253925077
30091354.81440704,-0.1103792533066682
36495803.0001307,-0.03837128206077889
21649513.625171643,-0.13901096856574457
26258805.7939745,-0.07172860721071572
19700355.37140235,-0.11887765426109986
24001083.58606566,-0.06632587829263625
34154255.72005401,-0.04603220630412952
26255705.7745355,-0.06797709267332841
27521083.575032823,-0.0764380857281205
31573431.77361207,-0.0919131835144823
31231009.33321846,-0.10787309787937605
31065807.97510746,-0.09198920897207896
25097370.13388901,-0.0791910989601261
21854873.055812377,-0.10777840733924637
32231549.64588177,-0.12259685066512482
27781625.47407661,-0.07265759877648292
17727848.44221392,-0.0831133529358058
24020479.383326333,-0.0876058986734366
37108462.640671946,-0.05884520040628882
27238863.597480793,-0.06356553068913551
24486999.83954495,-0.13143202720497615
30627487.36278701,-0.09696327448957476
32005664.335872196,-0.04986230240017697
29158214.442176726,-0.11190787408118896
32253511.63772071,-0.0706984913747356
32636237.14131791,-0.10352762197414822
22305832.21116524,-0.10709400915231504
37291308.101921275,-0.06125758014531313
29455966.591429688,-0.06356553068913562
27634362.92608319,-0.07341078840793436
20429524.620928578,-0.07739159256292394
28243734.32574471,-0.060333976479463924
20990299.092973292,-0.0992869097558583
27474404.521000184,-0.09235091750729918
24795342.155784592,-0.11328033258295378
30708336.361456808,-0.09511166156111095
29516141.652296584,-0.09471874404766345
23582737.23215562,-0.08274066485697962
18538342.02260778,-0.13584771690706876
31378685.337622706,-0.10979418896584303
23725478.78508169,-0.06818047533342131
15736172.521227254,-0.13696124919975972
27621387.92476269,-0.10291090814840076
20279879.817698307,-0.10759494351092602
24727604.76298886,-0.08282945094895955
32621685.81461703,-0.08806541960680647
28739197.434898246,-0.07546822492537664
28782036.30382759,-0.06837677224863303
25474872.098910447,-0.05285268961110412
35191891.44103323,-0.04504734128167709
38084013.4806417,-0.02775366776711452
19802196.788679283,-0.08306787367386892
17672665.17333436,-0.18402976305669372
23857275.76426024,-0.09593617554689626
28088681.10670545,-0.05253330969898984
29889003.21901049,-0.059012339986698636
17926678.323989652,-0.11877734791060479
24562931.215637587,-0.06966995827366307
29744597.67421739,-0.09061549412464753
20156757.077309635,-0.09939475037712409
30543291.72859656,-0.05728898125247717
37922430.50188667,-0.07582361795943504
19588004.896752853,-0.09997735576101496
27577541.491333038,-0.05343478795407175
35772481.24249104,-0.06356553068913551
20644142.459504865,-0.07566133885665849
26155969.211453658,-0.09353207268403252
29579145.561303463,-0.0490766131754693
33284757.03113873,-0.0696847114321465
19036165.25983408,-0.08828370685336118
19471890.639293816,-0.06356553068913562
23638711.242423046,-0.07944405768573382
22089498.12318083,-0.11409768502226914
20157215.22586474,-0.08040195872630729
28211677.12808529,-0.06379843002576768
30667857.242929533,-0.09570937819449088
39783976.65386801,-0.11572934612690589
30400943.343462035,-0.08189611471820413
22529554.357251417,-0.141984341440907
24598307.929729827,-0.14677567499887156
30807414.861787993,-0.07779948743368947
27007371.640885163,-0.08560550401296474
38449369.578797914,-0.10646786877290426
15496485.619527156,-0.16413487222108447
25811310.709368095,-0.11929067050604958
29553605.00502508,-0.0736675885392315
23890269.594532847,-0.09114814587943598
22445477.3732083,-0.09735610937083494
27023508.280167382,-0.05200680846776906
30995220.256860808,-0.06688861814533364
26574406.53484233,-0.12094857349641641
17245532.4660407,-0.14230653430774398
31402472.624021932,-0.08441809544827983
24936417.483806744,-0.09915958390423896
25657895.50321719,-0.09492339415157469
16997502.72228996,-0.15122763119697302
18696062.614472207,-0.1177402011836618
31095561.60683369,-0.07726061809950802
21210071.02396293,-0.08383283218712301
16670197.697316332,-0.17844385663686058
31073919.726099327,-0.08917060964501622
25774648.010753952,-0.09626262931676943
26939465.25892997,-0.07961305332936452
22418691.935407043,-0.08713203252955048
20639678.938453402,-0.09862433274657878
21728794.55650859,-0.1207842386742759
15849271.17807317,-0.1269961753136687
31160162.68397544,-0.09930925963113091
28186831.905190423,-0.0490766131754693
29738251.43459643,-0.10319058972040707
26149330.58648688,-0.07927569119526467
25905199.2908621,-0.059017311789762994
23688490.597312834,-0.12161660009298869
30302432.723084647,-0.10975848665689725
39473178.714759335,-0.0490766131754693
39140817.20979109,-0.0840833489246432
26615713.4791675,-0.09750877529158097
17999686.899303608,-0.11426427891885449
23370002.235193316,-0.05599970632102036
29657101.419205114,-0.166957671010589
25262553.319514897,-0.14001658183729548
21654257.291952167,-0.1085642602956044
20974298.626464605,-0.05167824941710919
32393993.91126573,-0.09924608975103821
29447536.856788643,-0.09257590351299594
26992721.910397425,-0.08648818563536398
22402247.278163552,-0.08708464594132304
15909300.197524164,-0.0910344287993955
28003520.584761146,-0.05536809119706665
19093227.714356475,-0.13534282500159367
31942659.730583772,-0.07825213367369377
39140671.43313935,-0.044139597970584976
18247968.644200165,-0.0857375963802316
22635974.85095336,-0.09598560649840471
32253796.398917127,-0.08343929931327065
36244706.023376435,-0.09441637056633079
16067615.955335159,-0.1810651989948232
32750360.366688166,-0.08543608594091623
36324047.3793473,-0.09590473643192465
22900065.27660871,-0.12728970909516646
29207512.57074354,-0.06374052470924607
22033561.935591977,-0.08337996842789785
17404358.55841275,-0.124077198358856
19709408.519523412,-0.11708621086553561
25431942.130307958,-0.06401181446274717
30518858.83601396,-0.13288048492072257
21290748.56964875,-0.10776826541203843
28096539.95655792,-0.08644256350057022
34170846.12119712,-0.10813391348405066
24360968.36087692,-0.0914657424297931
24682679.565544832,-0.10417455150858546
20969446.2526444,-0.07749962617025563
31712812.660898916,-0.08653079304751521
29454210.260570806,-0.07390721798213917
29157595.703892108,-0.07215647219445287
33434183.951098304,-0.07918894325753423
22595205.251220472,-0.0635655306891354
22544787.69673935,-0.11609476303957023
18222070.268773016,-0.08585322626453973
30409751.7100929,-0.12318569936741175
28131191.237199564,-0.0906763377380464
33985916.035288945,-0.07222775493415412
22644690.735608794,-0.06356553068913551
19930712.2931875,-0.09811713982989223
36305160.13384272,-0.0483145680735807
18927139.790751036,-0.11245862392178962
41201123.732788414,-0.12463755869887483
19919702.628956202,-0.10833837415583991
27436481.758910727,-0.10039610576093594
24454786.017488837,-0.07891884980329344
24376508.701102693,-0.0820213388487232
28834253.32435231,-0.09968286208462107
18990969.914715704,-0.14420728345159806
19896212.224786606,-0.07792161737606684
41179512.29754844,-0.07365277196431208
21243046.768591523,-0.09309198017729936
19187490.035635505,-0.14853952852528696
20028442.814856663,-0.10579714563657505
29752686.1558573,-0.06356553068913551
25518903.513496295,-0.06635491323586118
25992464.769099206,-0.09631146522317158
19009942.61174341,-0.08974260596618877
25115803.499460816,-0.11082536206623883
16932266.76904059,-0.10965485703276512
24970921.143843934,-0.17842493232555978
21097496.437996965,-0.12257168746056335
30474741.364326365,-0.07115130474988463
35993992.432691246,-0.04636221330039936
30789453.19034032,-0.04947204263853311
25057524.295370772,-0.07210049652992312
19442584.261265248,-0.18382019292749086
16651399.856939739,-0.14122886484611485
31598533.993223596,-0.19293538719942072
27073525.648637995,-0.06449905858011895
37831974.15845623,-0.06670940408310111
26935296.182947654,-0.06510743693940013
20964306.70960673,-0.0573358974713023
21359042.48605018,-0.09602982627288525
23300630.649047367,-0.05871316231171575
33567017.012877256,-0.0387482945660641
25878489.709624536,-0.07403310380580375
36460729.898311295,-0.06430522430260033
28327762.81872393,-0.13524443326442515
24313866.217245527,-0.11145734609956892
36288755.477862924,-0.06930795820516811
27976779.312589355,-0.0968931645914829
32575806.530475065,-0.09148031363723408
15918731.17569483,-0.1843318306445355
24892597.04190139,-0.08776192378892289
26873483.53711461,-0.13113756095989437
31945556.03096594,-0.06246022804622231
33990253.56363263,-0.06785599672981923
23112429.11172705,-0.0942348291749292
21953270.665323824,-0.10633701614533253
21023199.61559241,-0.19142919640995804
26930359.953955803,-0.12319684067357928
27700221.31311595,-0.09577931713958932
34314863.7967858,-0.06356553068913562
22210702.108236246,-0.12309048468647965
31130908.8046427,-0.06877326983519494
33568738.04441831,-0.05730820640205425
17894466.558890577,-0.10581546324900992
22418907.097267263,-0.08899413906593268
17032172.56495745,-0.10390443336039445
29083276.014923062,-0.15127399617424997
21426402.3399536,-0.12940274160619702
33253097.140760846,-0.07829048006369299
34801575.676027395,-0.0810863314294954
17625046.696122818,-0.11318382599406285
25289253.6623575,-0.12241695798590257
31290899.898213807,-0.08473304720706443
20365496.24671067,-0.06356553068913551
24309101.39426039,-0.128499338295752
27353197.493176375,-0.09318761486095373
33711806.92240515,-0.1117261118631615
29541479.509356968,-0.08963698143108412
24731676.01685045,-0.16840533259626467
24178915.514243297,-0.06356553068913562
36308643.0650316,-0.04320762738757655
25536386.132806882,-0.09733782192436558
22650375.195135374,-0.07546822492537675
19434072.476151306,-0.08888476664944267
18400440.921479233,-0.09586782318566411
22122356.763190534,-0.08640521974830329
40193702.429377,-0.08286389180425746
35183165.74431848,-0.06447888647880251
24828286.093351427,-0.14400375445021718
25571891.44026951,-0.11892939639208289
27944693.249210935,-0.07183284179344074
21547530.239843663,-0.08882198491547522
20671128.688738022,-0.09168129122959845
25415025.549845036,-0.0739837674804883
26171785.41841087,-0.049076613175469186
31692572.299637068,-0.08893533168446688
29666729.754054617,-0.04907661317546941
18348591.845717758,-0.1173573022770068
22655405.296175815,-0.13978603613755292
28529081.44851374,-0.057055118258495297
28052323.83534247,-0.08306787367386881
25200297.002224915,-0.10074150315158126
24439339.658946194,-0.09007812222685263
27768626.138437416,-0.0922567504393742
41632027.452359654,-0.06356553068913562
27402764.055086214,-0.05021683868460436
28263854.388953634,-0.06315033986873708
24072117.649071436,-0.0917285885819179
24375041.214554068,-0.08945070737089811
25952322.856495176,-0.07739128104805781
34361285.00431167,-0.04907661317546941
24942937.488281664,-0.07117577867514036
18296215.006861765,-0.1083684287387362
28367115.206623245,-0.052710958421053666
29454813.18170728,-0.06521762067844772
25797633.462588456,-0.06356553068913562
23707746.658561688,-0.1484635040143285
22707773.99635121,-0.10006077445719963
28936911.9646588,-0.10884996159090277
33065729.938490808,-0.09731865129266859
38165550.21959202,-0.09878721423201908
28319167.41737287,-0.1030551453114934
25943739.425775904,-0.11619445391175187
22198013.63357592,-0.0752195821726932
24291049.060976923,-0.0848772910837613
25593553.51585919,-0.057106487628455826
31566013.892907172,-0.0807961346520033
32746301.845425557,-0.033746402393787234
21822309.360649943,-0.10788804116343964
22008133.323037144,-0.11550711114575696
24104309.06358938,-0.07988154163633787
42634948.70605426,-0.08026402793402942
28819192.73793584,-0.15573789912759806
27607331.154626634,-0.13536117320305197
32842283.55443047,-0.10270642411162956
28794565.081409678,-0.08546348033845641
16809941.222174548,-0.10643621082875565
33578950.9464081,-0.09577931713958932
38855748.88316705,-0.12595740678986622
26742824.893681362,-0.11612239760966614
18371604.407676894,-0.08559867488762685
25508966.477108274,-0.10174932408513504
25058226.63728059,-0.0919131835144823
33228482.649777923,-0.12654550263241904
17589378.3417574,-0.16848980290318805
18592051.049960632,-0.2095469559832407
17785825.973927364,-0.0870503400130237
31227034.620255332,-0.07161090026039207
23547200.155283786,-0.11603834632865717
22193657.13899194,-0.06356553068913551
30433757.299970627,-0.06253787078866868
30837554.306700338,-0.0897607442762195
28175641.40140025,-0.11878626842351636
23524488.91950889,-0.07560269538772935
37476814.34234413,-0.07403310380580375
34311583.80705841,-0.073289042931173
16174736.852657268,-0.09805738289047072
36788984.68971555,-0.06982451653605604
33799406.41926242,-0.14243020637392634
27850154.97874546,-0.10104027647755676
23969117.251764018,-0.11014884346771703
27023499.837898854,-0.06616662158233078
20616824.824810397,-0.0919131835144823
25803974.9197239,-0.06108382624569497
20724199.47669858,-0.07347024198117647
30459225.70897733,-0.10898000096042493
18580732.035582453,-0.06356553068913529
28436778.97136701,-0.06356553068913551
19918137.49602095,-0.12076215885817199
26154233.40112965,-0.10657730278059752
21281579.866683442,-0.11042141956879725
39274580.35772685,-0.06992500859896544
28560121.77022787,-0.0450473412816772
18733155.621315148,-0.10757026953986004
20403398.727546103,-0.06521762067844761
35926703.21201231,-0.07768369127370311
21634373.518117946,-0.1699684706436514
29780306.537692547,-0.049432047875400564
25155028.451928172,-0.09925835648200809
23663848.00564207,-0.07233407520732804
26349878.69657576,-0.08406817374672482
26852083.750509568,-0.07919922958060022
30023359.257974744,-0.06533812215535095
27771220.4360745,-0.05781363475882373
39379628.60371755,-0.06797201571249001
24103430.543705612,-0.12440235443621972
17613539.356056344,-0.14116947619334208
32003097.03800815,-0.11544457562541477
20864952.228287823,-0.08515838780934648
24450277.407665785,-0.07069849137473583
23166907.3045334,-0.1581915029925426
34199228.30251811,-0.06877326983519494
37126821.81373803,-0.07452770612875692
23997137.463904772,-0.05203102675078963
34717650.874457315,-0.06426090809759089
33624687.81702562,-0.07448653209808598
20610831.752225447,-0.1358990825212606
18435997.491919775,-0.07579913226247148
36243030.82922136,-0.09447237384195684
20608381.915589634,-0.09686173359026307
19028757.07250084,-0.09438872119281361
31639042.69585694,-0.05628224670702442
32649297.517824873,-0.1111339907727309
18632804.941649742,-0.0741582643501757
36091705.580572866,-0.07028646312459286
22799128.850494966,-0.1009604224942906
22642910.765864857,-0.08181367423085384
30124448.1100098,-0.06356553068913551
18112576.62974984,-0.14794580266769508
24124344.230686244,-0.07246916902055311
33643849.734128214,-0.07448653209808587
23889810.80028199,-0.11311301445386202
38541387.3117443,-0.06691073351051113
32231948.607415363,-0.05922080543443975
25522019.549134668,-0.12968686925883777
20948352.327469464,-0.09187408254661211
20547488.585456483,-0.14424585569590864
27708785.92537338,-0.07608542945746988
27377269.900824003,-0.11762357677469504
22793628.50983975,-0.0713225744495416
21560706.907361727,-0.08316530219485929
30840072.579670977,-0.054083080415321394
23607037.22299766,-0.1496129230180797
31450095.804033857,-0.11143726717347979
19643347.554373108,-0.10590312162177329
21500912.059302785,-0.10354319389043432
22247880.303040333,-0.08465697863334332
30140820.691118296,-0.06356553068913551
37955220.63144923,-0.06501242981645217
32863047.404260054,-0.06356553068913562
25733622.41979019,-0.09784194687682557
27076339.08786338,-0.06779673839652578
26269373.42329425,-0.09229079993157052
19587836.742526878,-0.07880420169668845
16739902.511010649,-0.08438423357195302
38282089.59232317,-0.1496362039161917
25384349.105590723,-0.0635655306891354
28379725.751843587,-0.0722202332867502
28014899.104153667,-0.04673492010334801
24554875.43065535,-0.15322417962554002
32802739.419962347,-0.053581940092145564
24046453.691632673,-0.11447472385015023
38552612.70676178,-0.04245881638860238
30347485.65042105,-0.07828952303777237
20781064.6943418,-0.10490195310282446
20898850.588328563,-0.11254537542337506
29412494.175900795,-0.12195712030145733
27890564.974383697,-0.20259875343156242
25968154.036538277,-0.11409835692368453
30416673.1200784,-0.07958857932918362
28895758.745723773,-0.16355996609694845
23948592.071338207,-0.06356553068913551
29275248.603610184,-0.06812146062967572
19364261.95285304,-0.1211275193741429
36260640.16844288,-0.10574941381610825
39168962.97971133,-0.06356553068913551
25429513.663421396,-0.10563805956010885
25762588.817490462,-0.09770389651128741
25922227.13099177,-0.05008487965216124
23319768.8991773,-0.08876754285329314
24116084.846727856,-0.10599882386522674
17397692.34617592,-0.11062238489464227
27379689.014900662,-0.06609199867881743
26851203.736696646,-0.10459108711643905
22346121.470102746,-0.06101353806396781
31258859.486535795,-0.08474465119823649
28951163.20189251,-0.05789454032932084
34508270.28255387,-0.061447879714986886
24426415.807815213,-0.12634371625640917
38720273.23318853,-0.055147920331412914
22588639.60339279,-0.09362595957641218
29093972.217272755,-0.059398682773423306
14830002.353497466,-0.21279864977346186
24242984.36585091,-0.07900115883948078
19779228.390497353,-0.14109755448144268
40641908.16089261,-0.05395508249839187
27206384.89049749,-0.05367699853056118
37892270.446428776,-0.07365277196431197
27453245.79467418,-0.08496354249727966
32640412.492728647,-0.06531411787773433
18960675.60538481,-0.10056449998992145
40486733.36532599,-0.0817876891043533
29049398.4253319,-0.06089430878423918
22021461.26138,-0.08867295378134632
20399052.684615605,-0.10845112218846498
34189533.31708489,-0.0490766131754693
21662927.849109795,-0.08424220864362786
22171505.13755453,-0.13767101617739552
23688711.295404185,-0.07038665910518516
21688789.376780197,-0.12828389213017988
24077395.83762736,-0.06779873142676784
26487353.043952752,-0.09191318351448241
25168506.7147826,-0.06356553068913562
43220486.57092925,-0.0635655306891354
23556980.405232936,-0.0768955628227721
27955097.26498518,-0.07368614335163037
32954518.838375174,-0.08618800855068376
26831949.848054517,-0.05064800340517539
29598360.16467332,-0.05404149906081268
23888860.173057023,-0.09419673906753989
19507923.87556513,-0.12137643508929152
23332039.145938076,-0.1237801926039358
22496417.89619513,-0.07703425931543184
23867570.182199422,-0.08789036900849168
26334514.903433625,-0.07130908432814587
21611741.571771912,-0.1332103867300083
39580005.0617259,-0.060020530572078234
31828831.79985335,-0.08689697449351952
24751402.076468777,-0.07352693234764363
20623853.138618845,-0.07368614335163048
36122892.123440474,-0.05133897033799262
15820336.573871903,-0.1406917917404391
31138373.27072852,-0.10412132907349103
27036238.298976935,-0.08644256350057022
21759343.31243321,-0.10747176413488813
30290110.447542086,-0.0750992310684625
22222389.12790218,-0.17671955827049646
21195810.465995934,-0.10307383736575215
36893443.29086516,-0.04962791878881034
26692580.06896781,-0.09773736058381277
19140188.15668452,-0.173624536820689
17905669.077200513,-0.22921010146549814
22886865.318949062,-0.0761147532723826
20525510.969123516,-0.11922906329191663
39260675.52104433,-0.06531411787773445
16415873.795824673,-0.08166658382521375
36207322.26239015,-0.1323168987480695
28427498.81766275,-0.07550780060548745
26698487.212862805,-0.10086477921499781
31801437.455364034,-0.06356553068913551
22560943.506515708,-0.06014147702076733
32392003.424186125,-0.09203145314602568
24540456.961170785,-0.0961053033438426
19032656.274362937,-0.15453866115175097
20728650.258013338,-0.13207895586110552
25417102.65342026,-0.08028331396451738
28708805.104503807,-0.06488409630534708
24183945.707119424,-0.14170442697498375
15394548.228811009,-0.19341690576298176
30375412.841481823,-0.11555933756427228
22252034.323608108,-0.0888949275096923
