asset,test_year,ensemble,total_return,cagr,sharpe,max_drawdown,ann_vol,utility,members_json,mean_position,turnover
QQQ,2017,HGB:0.39 + HGB:0.31 + HGB:0.30,0.2234993103795746,0.2244829653929694,1.1419737184716472,-0.0796303706398288,0.19376399029832564,1.1684387361886095,"[{""strategy"": ""HGB"", ""horizon"": 20, ""threshold"": 0.56, ""weight"": 0.3865713024542187}, {""strategy"": ""HGB"", ""horizon"": 20, ""threshold"": 0.52, ""weight"": 0.3125893460446149}, {""strategy"": ""HGB"", ""horizon"": 20, ""threshold"": 0.6, ""weight"": 0.3008393515011663}]",0.9860390567430046,1.6016787030023325
QQQ,2018,LOGIT:0.36 + LOGIT:0.32 + BUYHOLD:0.32,0.07301863167075129,0.07331995634661737,0.5276939397114977,-0.15767204260984524,0.1574480750879526,0.4507636330998612,"[{""strategy"": ""LOGIT"", ""horizon"": 1, ""threshold"": 0.56, ""weight"": 0.36377243828808803}, {""strategy"": ""LOGIT"", ""horizon"": 1, ""threshold"": 0.52, ""weight"": 0.3196799663887637}, {""strategy"": ""BUYHOLD"", ""horizon"": 0, ""threshold"": NaN, ""weight"": 0.31654759532314825}]",0.48741371623619845,3.006264742131231
QQQ,2019,LOGIT:0.46 + RF:0.32 + RF:0.22,0.32443052244581283,0.32443052244581283,2.017813017697289,-0.07345800244733214,0.14449184245445684,2.0836159989625576,"[{""strategy"": ""LOGIT"", ""horizon"": 5, ""threshold"": 0.52, ""weight"": 0.4595620211065505}, {""strategy"": ""RF"", ""horizon"": 5, ""threshold"": 0.52, ""weight"": 0.31675246933008067}, {""strategy"": ""RF"", ""horizon"": 20, ""threshold"": 0.52, ""weight"": 0.22368550956336888}]",0.7454937116334487,3.7573721266393028
QQQ,2020,LOGIT:0.52 + LOGIT:0.26 + LOGIT:0.22,0.39677505619465747,0.39493139339593575,1.1528860465485218,-0.19253081530930227,0.3387978091552917,1.1666122862656052,"[{""strategy"": ""LOGIT"", ""horizon"": 5, ""threshold"": 0.52, ""weight"": 0.5238375177979919}, {""strategy"": ""LOGIT"", ""horizon"": 5, ""threshold"": 0.6, ""weight"": 0.2585499497957081}, {""strategy"": ""LOGIT"", ""horizon"": 5, ""threshold"": 0.56, ""weight"": 0.2176125324062998}]",0.567797927589023,12.047675035595981
QQQ,2021,TREND200_67:0.34 + LOGIT:0.33 + BUYHOLD:0.33,0.40509208466503677,0.40509208466503677,1.7783792145611077,-0.11058605014832523,0.20287750729351042,1.8482805115974592,"[{""strategy"": ""TREND200_67"", ""horizon"": 0, ""threshold"": NaN, ""weight"": 0.34265598450154044}, {""strategy"": ""LOGIT"", ""horizon"": 5, ""threshold"": 0.52, ""weight"": 0.3286720077492298}, {""strategy"": ""BUYHOLD"", ""horizon"": 0, ""threshold"": NaN, ""weight"": 0.3286720077492298}]",0.7833828522227111,3.958048069743068
QQQ,2022,BUYHOLD:0.38 + TREND200_67:0.33 + TREND200_50:0.29,-0.33384943739179684,-0.3349267196139605,-1.0964047078554466,-0.33882178162549204,0.32368197297617746,-1.4334861689991454,"[{""strategy"": ""BUYHOLD"", ""horizon"": 0, ""threshold"": NaN, ""weight"": 0.37575653614018895}, {""strategy"": ""TREND200_67"", ""horizon"": 0, ""threshold"": NaN, ""weight"": 0.3316039792696333}, {""strategy"": ""TREND200_50"", ""horizon"": 0, ""threshold"": NaN, ""weight"": 0.2926394845901778}]",0.7841720824198015,2.7902433881784745
QQQ,2023,BUYHOLD:0.41 + TREND200_67:0.32 + HGB:0.28,0.5590598654351495,0.5646085315956464,2.2019400587611426,-0.08085863582247099,0.21373328816918566,2.345052898378839,"[{""strategy"": ""BUYHOLD"", ""horizon"": 0, ""threshold"": NaN, ""weight"": 0.4055001946055473}, {""strategy"": ""TREND200_67"", ""horizon"": 0, ""threshold"": NaN, ""weight"": 0.31580386909440716}, {""strategy"": ""HGB"", ""horizon"": 20, ""threshold"": 0.52, ""weight"": 0.27869593630004547}]",0.8737822848340395,3.1593021077026275
QQQ,2024,BUYHOLD:0.40 + TREND200_67:0.33 + TREND200_50:0.27,0.44888236091952405,0.44888236091952405,1.6096055071062063,-0.1380799452859185,0.2498791175662664,1.6769623689921926,"[{""strategy"": ""BUYHOLD"", ""horizon"": 0, ""threshold"": NaN, ""weight"": 0.40466547299926375}, {""strategy"": ""TREND200_67"", ""horizon"": 0, ""threshold"": NaN, ""weight"": 0.3285626055603408}, {""strategy"": ""TREND200_50"", ""horizon"": 0, ""threshold"": NaN, ""weight"": 0.26677192144039547}]",0.9920634920634921,1.0
QQQ,2025,BUYHOLD:0.37 + VOLTARGET20:0.32 + TREND200_67:0.31,0.047002558314291454,0.04738735114625969,0.3122667076189235,-0.21647056168315848,0.23879877605479072,0.18801173793487247,"[{""strategy"": ""BUYHOLD"", ""horizon"": 0, ""threshold"": NaN, ""weight"": 0.36643746122892057}, {""strategy"": ""VOLTARGET20"", ""horizon"": 0, ""threshold"": NaN, ""weight"": 0.3233799245254852}, {""strategy"": ""TREND200_67"", ""horizon"": 0, ""threshold"": NaN, ""weight"": 0.31018261424559423}]",0.9197004340059837,1.9925854626177637
QQQ,2026,VOLTARGET20:0.34 + VOLTARGET10:0.33 + VOLTARGET15:0.33,0.15340212689020283,0.2198140687350434,1.3213517254717588,-0.0760305215564937,0.16005685616823367,1.325622630871609,"[{""strategy"": ""VOLTARGET20"", ""horizon"": 0, ""threshold"": NaN, ""weight"": 0.34265598450154044}, {""strategy"": ""VOLTARGET10"", ""horizon"": 0, ""threshold"": NaN, ""weight"": 0.3286720077492298}, {""strategy"": ""VOLTARGET15"", ""horizon"": 0, ""threshold"": NaN, ""weight"": 0.3286720077492298}]",0.6384353568463832,3.0455064200391764
ECH,2017,RF:0.38 + RF:0.33 + RF:0.29,0.0020450394445206133,0.00205319537059534,0.22694815676252098,-0.005385907920439914,0.009224376994465771,0.22416308041981725,"[{""strategy"": ""RF"", ""horizon"": 5, ""threshold"": 0.6, ""weight"": 0.381421851889496}, {""strategy"": ""RF"", ""horizon"": 20, ""threshold"": 0.64, ""weight"": 0.33102912223310627}, {""strategy"": ""RF"", ""horizon"": 20, ""threshold"": 0.6, ""weight"": 0.2875490258773978}]",0.005728068244569677,0.5750980517547956
ECH,2018,RF:0.36 + RF:0.33 + RF:0.31,0.035713251768565435,0.03585805675491183,0.5813650456140155,-0.037045456293106516,0.06410152886295842,0.5697851371424941,"[{""strategy"": ""RF"", ""horizon"": 5, ""threshold"": 0.6, ""weight"": 0.3577622491753229}, {""strategy"": ""RF"", ""horizon"": 20, ""threshold"": 0.6, ""weight"": 0.33174236959266534}, {""strategy"": ""RF"", ""horizon"": 20, ""threshold"": 0.64, ""weight"": 0.3104953812320117}]",0.12729478071034586,3.6209907624640234
ECH,2019,LOGIT:0.44 + RF:0.35 + RF:0.22,-0.07130335696682188,-0.07130335696682188,-0.2851909970012428,-0.16982675506764078,0.19418482460051564,-0.4205345627335969,"[{""strategy"": ""LOGIT"", ""horizon"": 5, ""threshold"": 0.56, ""weight"": 0.4382953838456491}, {""strategy"": ""RF"", ""horizon"": 20, ""threshold"": 0.52, ""weight"": 0.3455654522635976}, {""strategy"": ""RF"", ""horizon"": 5, ""threshold"": 0.6, ""weight"": 0.21613916389075338}]",0.7292863585600143,3.2161391638907535
ECH,2020,RF:0.46 + RF:0.35 + HGB:0.19,-0.05457379360197123,-0.054364059708044477,0.02490648145304166,-0.33402419217709434,0.35647545929918995,-0.2113100712227596,"[{""strategy"": ""RF"", ""horizon"": 5, ""threshold"": 0.6, ""weight"": 0.4621738404596531}, {""strategy"": ""RF"", ""horizon"": 20, ""threshold"": 0.64, ""weight"": 0.35152607016259096}, {""strategy"": ""HGB"", ""horizon"": 1, ""threshold"": 0.56, ""weight"": 0.18630008937775605}]",0.45468681355670904,6.221295540594125
ECH,2021,RF:0.34 + HGB:0.33 + RF:0.33,0.02722386208269323,0.02722386208269323,0.4204659411077359,-0.048161705168964786,0.06966631865924534,0.3986891844768514,"[{""strategy"": ""RF"", ""horizon"": 20, ""threshold"": 0.64, ""weight"": 0.3382001704014777}, {""strategy"": ""HGB"", ""horizon"": 1, ""threshold"": 0.56, ""weight"": 0.33099037864251163}, {""strategy"": ""RF"", ""horizon"": 5, ""threshold"": 0.6, ""weight"": 0.33080945095601066}]",0.08536732275753271,2.6475611737670914
ECH,2022,RF:1.00,0.3200815143390656,0.3215427928110943,0.940400849364225,-0.18246881975526352,0.3682943198259773,0.9338246465419765,"[{""strategy"": ""RF"", ""horizon"": 5, ""threshold"": 0.6, ""weight"": 1.0}]",0.6533864541832669,5.0
ECH,2023,LOGIT:0.40 + LOGIT:0.36 + LOGIT:0.24,0.017446635545824263,0.01758742889155429,0.9350203592629343,-0.004588606565679165,0.018834271633372514,0.9381440874362813,"[{""strategy"": ""LOGIT"", ""horizon"": 1, ""threshold"": 0.56, ""weight"": 0.40001660428187047}, {""strategy"": ""LOGIT"", ""horizon"": 1, ""threshold"": 0.64, ""weight"": 0.35633399512454633}, {""strategy"": ""LOGIT"", ""horizon"": 1, ""threshold"": 0.6, ""weight"": 0.24364940059358312}]",0.012873320097509073,1.2873320097509071
ECH,2024,RF:0.35 + RF:0.33 + RF:0.31,0.0007449652553390695,0.0007449652553390695,0.04208486301404127,-0.03928267125282503,0.059287151180568536,0.016811864539073674,"[{""strategy"": ""RF"", ""horizon"": 20, ""threshold"": 0.6, ""weight"": 0.35344487208332026}, {""strategy"": ""RF"", ""horizon"": 5, ""threshold"": 0.56, ""weight"": 0.3341661550759262}, {""strategy"": ""RF"", ""horizon"": 5, ""threshold"": 0.6, ""weight"": 0.31238897284075356}]",0.10914460748559467,1.3752220543184928
ECH,2025,RF:0.46 + BUYHOLD:0.31 + VOLTARGET10:0.23,0.2496833206260538,0.2519136455846054,1.5333885060440364,-0.08461247661999183,0.15430727408408712,1.5657795584601604,"[{""strategy"": ""RF"", ""horizon"": 20, ""threshold"": 0.6, ""weight"": 0.45975919012142774}, {""strategy"": ""BUYHOLD"", ""horizon"": 0, ""threshold"": NaN, ""weight"": 0.3122228888115685}, {""strategy"": ""VOLTARGET10"", ""horizon"": 0, ""threshold"": NaN, ""weight"": 0.22801792106700375}]",0.4859490252681563,1.6039183526561074
ECH,2026,RF:0.42 + HGB:0.32 + LOGIT:0.26,0.034787446596032945,0.048761512685470576,0.3302519353033108,-0.10729607879203351,0.2114280751471797,0.27268509039710054,"[{""strategy"": ""RF"", ""horizon"": 20, ""threshold"": 0.6, ""weight"": 0.41535289494774535}, {""strategy"": ""HGB"", ""horizon"": 1, ""threshold"": 0.52, ""weight"": 0.3237959936989595}, {""strategy"": ""LOGIT"", ""horizon"": 1, ""threshold"": 0.6, ""weight"": 0.260851111353295}]",0.5851152777938223,1.9370551176543351
CPER,2017,CASH:1.00,0.0,0.0,0.0,0.0,0.0,0.0,"[{""strategy"": ""CASH"", ""horizon"": 0, ""threshold"": NaN, ""weight"": 1.0}]",0.0,0.0
CPER,2018,VOLTARGET10:0.41 + VOLTARGET15:0.35 + VOLTARGET20:0.25,-0.05173991866976846,-0.05194060542993473,-0.30282510790691286,-0.10695323527527689,0.14263488563735396,-0.39045368237026185,"[{""strategy"": ""VOLTARGET10"", ""horizon"": 0, ""threshold"": NaN, ""weight"": 0.4058937359211233}, {""strategy"": ""VOLTARGET15"", ""horizon"": 0, ""threshold"": NaN, ""weight"": 0.3484497402965793}, {""strategy"": ""VOLTARGET20"", ""horizon"": 0, ""threshold"": NaN, ""weight"": 0.24565652378229746}]",0.6165380726747364,2.914449934133157
CPER,2019,MEANREV:0.72 + VOLTARGET10:0.15 + VOLTARGET15:0.13,0.02830968879349771,0.02830968879349771,0.4982475005035763,-0.036742756438998825,0.059595007224600316,0.48427309989595124,"[{""strategy"": ""MEANREV"", ""horizon"": 0, ""threshold"": NaN, ""weight"": 0.7221960807698984}, {""strategy"": ""VOLTARGET10"", ""horizon"": 0, ""threshold"": NaN, ""weight"": 0.1475232122964797}, {""strategy"": ""VOLTARGET15"", ""horizon"": 0, ""threshold"": NaN, ""weight"": 0.13028070693362184}]",0.22397395972653542,5.477157997041393
CPER,2020,HGB:0.37 + HGB:0.33 + LOGIT:0.30,0.034703563232635126,0.03456405135628127,0.42026550700309895,-0.06819851175144565,0.09054961063794507,0.3880827214960816,"[{""strategy"": ""HGB"", ""horizon"": 5, ""threshold"": 0.64, ""weight"": 0.3690646640159875}, {""strategy"": ""HGB"", ""horizon"": 20, ""threshold"": 0.52, ""weight"": 0.32885838796322786}, {""strategy"": ""LOGIT"", ""horizon"": 20, ""threshold"": 0.56, ""weight"": 0.3020769480207846}]",0.1725447601845542,4.933012284004797
CPER,2021,LOGIT:0.46 + LOGIT:0.29 + LOGIT:0.25,0.130700774693989,0.130700774693989,1.4880106636682193,-0.028074934162624188,0.08494937067748236,1.5155072276054096,"[{""strategy"": ""LOGIT"", ""horizon"": 20, ""threshold"": 0.56, ""weight"": 0.45722562336802497}, {""strategy"": ""LOGIT"", ""horizon"": 20, ""threshold"": 0.6, ""weight"": 0.2889549807217501}, {""strategy"": ""LOGIT"", ""horizon"": 20, ""threshold"": 0.52, ""weight"": 0.25381939591022495}]",0.11331438530313988,4.5779099614435
CPER,2022,LOGIT:0.38 + LOGIT:0.32 + LOGIT:0.30,-0.03979144290239611,-0.03994676519406104,0.038726564939039684,-0.18656592123125681,0.32642855269872467,-0.0964682888771159,"[{""strategy"": ""LOGIT"", ""horizon"": 20, ""threshold"": 0.56, ""weight"": 0.3808934464595367}, {""strategy"": ""LOGIT"", ""horizon"": 20, ""threshold"": 0.6, ""weight"": 0.3232241369484456}, {""strategy"": ""LOGIT"", ""horizon"": 20, ""threshold"": 0.52, ""weight"": 0.2958824165920178}]",0.7465493199811067,3.646448273896891
CPER,2023,LOGIT:0.36 + LOGIT:0.32 + LOGIT:0.32,0.048325674790715256,0.04872154945581775,0.5022808046797007,-0.06578156203943986,0.10575599608586307,0.47643677553081515,"[{""strategy"": ""LOGIT"", ""horizon"": 20, ""threshold"": 0.6, ""weight"": 0.3570473123264637}, {""strategy"": ""LOGIT"", ""horizon"": 20, ""threshold"": 0.52, ""weight"": 0.32147634383676815}, {""strategy"": ""LOGIT"", ""horizon"": 20, ""threshold"": 0.56, ""weight"": 0.32147634383676815}]",0.19700668813714753,8.92885806302061
CPER,2024,LOGIT:0.52 + LOGIT:0.29 + HGB:0.19,0.10898672800398157,0.10898672800398157,0.7725457745942323,-0.06971516969566183,0.1480910469844554,0.7653762690934457,"[{""strategy"": ""LOGIT"", ""horizon"": 5, ""threshold"": 0.6, ""weight"": 0.5156216896720783}, {""strategy"": ""LOGIT"", ""horizon"": 20, ""threshold"": 0.64, ""weight"": 0.2902490551146713}, {""strategy"": ""HGB"", ""horizon"": 20, ""threshold"": 0.6, ""weight"": 0.19412925521325045}]",0.29314736836195626,4.776517020853002
CPER,2025,LOGIT:0.42 + LOGIT:0.30 + LOGIT:0.28,0.19980744797318795,0.20155718840350167,1.639299368244228,-0.0643562937588883,0.11614205606170255,1.6674003840915665,"[{""strategy"": ""LOGIT"", ""horizon"": 20, ""threshold"": 0.64, ""weight"": 0.4181568867060704}, {""strategy"": ""LOGIT"", ""horizon"": 5, ""threshold"": 0.64, ""weight"": 0.29980614819023}, {""strategy"": ""LOGIT"", ""horizon"": 5, ""threshold"": 0.56, ""weight"": 0.2820369651036996}]",0.3453623711268992,6.01776918308653
CPER,2026,LOGIT:0.43 + LOGIT:0.31 + LOGIT:0.27,0.166891104198029,0.23972110296121008,0.9382160735007669,-0.10526553148172679,0.266883645720811,0.9282053645069546,"[{""strategy"": ""LOGIT"", ""horizon"": 20, ""threshold"": 0.64, ""weight"": 0.42515462974753276}, {""strategy"": ""LOGIT"", ""horizon"": 20, ""threshold"": 0.6, ""weight"": 0.30767701481276793}, {""strategy"": ""LOGIT"", ""horizon"": 20, ""threshold"": 0.56, ""weight"": 0.26716835543969936}]",0.747711833023196,11.0
