date,asset,price,p_up,pred_fwd_ret,threshold,signal_position,actual_fwd_ret,actual_up,p_logit,p_rf,p_hgb,p_gb
2025-09-22,NASDAQ100_TR,30066.65,0.5266254189612604,-0.0071181086821188915,0.54,0.0,-0.00601230931946195,0.0,0.343996910096409,0.5278985179344047,0.5676035853675682,0.6117954941783179
2025-09-23,NASDAQ100_TR,29846.98,0.5215827745710386,-0.0050178344914159284,0.54,0.0,0.004130401132710793,1.0,0.3441895378347915,0.528327808108613,0.579000242337615,0.5831494655945326
2025-09-24,NASDAQ100_TR,29754.49,0.4398621939038645,-0.008475411351553826,0.54,0.0,0.01225058806250745,1.0,0.3358998030500131,0.4989992744113348,0.39234810097407735,0.4940882047275247
2025-09-25,NASDAQ100_TR,29625.46,0.45008947645818,-0.01937350824428784,0.54,0.0,0.02042668704553452,1.0,0.18359595911984955,0.48976750877276864,0.44404003316205165,0.5959355891652603
2025-09-26,NASDAQ100_TR,29755.33,0.46135468210300246,-0.011562430026710029,0.54,0.0,0.011695383650593083,1.0,0.24852031146508863,0.4853881685024301,0.5504737272651399,0.5014453787955213
2025-09-29,NASDAQ100_TR,29885.88,0.5902150723385305,-0.003188233652095979,0.54,0.0,0.0151208530583673,1.0,0.43144690985284045,0.5746832594195924,0.6925792741152605,0.6210269373072845
2025-09-30,NASDAQ100_TR,29970.26,0.672284687069413,0.006454655015804505,0.54,0.3,0.006656932572490337,1.0,0.6030369449967058,0.605948263216082,0.7830852953797819,0.6853011394974812
2025-10-01,NASDAQ100_TR,30119.0,0.6888172019823813,0.005972581721340411,0.6800000000000002,0.1,0.01363790298482681,1.0,0.633748263198033,0.5753343775369851,0.8197672794364389,0.7236787278416537
2025-10-02,NASDAQ100_TR,30230.61,0.6350066504206726,0.0001855282995909405,0.6800000000000002,0.0,0.008368670033452874,1.0,0.4490694734936285,0.5817125966089882,0.7861949512621796,0.6799073611734813
2025-10-03,NASDAQ100_TR,30103.33,0.6640986879293683,0.003396386494821083,0.6800000000000002,0.0,-0.022726057216925888,0.0,0.46283506958287934,0.5896943492848613,0.817405091846841,0.7383475669804092
2025-10-06,NASDAQ100_TR,30337.78,0.667114785637405,0.0072898690463946885,0.6800000000000002,0.0,-0.00911965213011623,0.0,0.5608026084663733,0.5665457933728842,0.8350963059230456,0.6910091774476561
2025-10-07,NASDAQ100_TR,30169.77,0.6559427296457352,0.008047001130898629,0.6800000000000002,0.0,-0.010483009979857294,0.0,0.6187360560870325,0.557476399842306,0.7696745819866431,0.6790248023978063
2025-10-08,NASDAQ100_TR,30529.76,0.6984241611130909,0.009119258373255727,0.6800000000000002,0.1,-0.015545159870238079,0.0,0.696141808840444,0.560276085872887,0.8333901043758462,0.7189623556373452
2025-10-09,NASDAQ100_TR,30483.6,0.6890257900329131,0.01456285751550469,0.6800000000000002,0.1,-0.017565510635226822,0.0,0.6393985935475046,0.5676760135383079,0.8318194731364738,0.7176928625108088
2025-10-10,NASDAQ100_TR,29419.2,0.6264647431895445,0.012208343062871805,0.6800000000000002,0.0,0.024614537444933804,1.0,0.472558322690982,0.54701048625918,0.7769338974129865,0.6765470775129663
2025-10-13,NASDAQ100_TR,30061.11,0.6688833577778586,0.00212471905702128,0.6800000000000002,0.0,0.015788505481001858,1.0,0.5745396392995871,0.5782526400239687,0.8282474833461236,0.6824524250136632
2025-10-14,NASDAQ100_TR,29853.5,0.5865715722414427,0.0029013522055215298,0.6800000000000002,0.0,0.02228750397775814,1.0,0.3499139353656218,0.5602772213223131,0.7345740639474795,0.6413705266790497
2025-10-15,NASDAQ100_TR,30055.17,0.6355815200486106,-0.0030633154909914277,0.6800000000000002,0.0,0.005400734715524935,1.0,0.3637964494507598,0.5639861753075047,0.8536610464043833,0.6975040735652334
2025-10-16,NASDAQ100_TR,29948.14,0.6245502055356076,-0.00025284360467550237,0.6800000000000002,0.0,0.01785185991517335,1.0,0.34986604193013493,0.5748474119877857,0.8457892629765216,0.6639145804247625
2025-10-17,NASDAQ100_TR,30143.34,0.5984671095150337,0.0027977073210780283,0.6800000000000002,0.0,0.021767660783443388,1.0,0.2459336129744743,0.5603524067313127,0.7751783604659288,0.717347224919756
2025-10-20,NASDAQ100_TR,30535.73,0.649030874469667,0.004017445090426529,0.6800000000000002,0.0,0.02706894513411018,1.0,0.464173891256744,0.5649421273689115,0.8095598303296228,0.7156026194371194
2025-10-21,NASDAQ100_TR,30518.86,0.5606226494015831,0.005168935275348845,0.6800000000000002,0.0,0.035235916413653756,1.0,0.3140813601746022,0.5408729514002062,0.6642692011274437,0.6543523273475146
2025-10-22,NASDAQ100_TR,30217.49,0.5523150254569201,-0.0030898974092202587,0.6800000000000002,0.0,0.04989759242081315,1.0,0.4116668452635891,0.5131339709826375,0.6267718815698181,0.6200803452347738
2025-10-23,NASDAQ100_TR,30482.77,0.5691190498608985,-0.003418329090590858,0.6800000000000002,0.0,0.02541894978704362,1.0,0.3471541414197939,0.5059048530785429,0.6999946312273236,0.6657316280713553
2025-10-24,NASDAQ100_TR,30799.49,0.5719874790473743,-0.003544522767569354,0.6800000000000002,0.0,0.019834744016865136,1.0,0.34957176285592867,0.5204864479804697,0.7226384087991283,0.639967703905794
2025-10-27,NASDAQ100_TR,31362.3,0.48060959670959713,-0.009643007393504297,0.6800000000000002,0.0,0.005980428731311216,1.0,0.3676512218618433,0.4771397915306878,0.502148423876567,0.54072604355402
2025-10-28,NASDAQ100_TR,31594.22,0.562888109629418,-0.0007910670249936481,0.6800000000000002,0.0,-0.022048020175842287,0.0,0.6367938004792328,0.4771938497892128,0.5722544404185603,0.5903418555692662
2025-10-29,NASDAQ100_TR,31725.27,0.560234226906376,-0.0038513495858317906,0.6800000000000002,0.0,-0.0190299404859281,0.0,0.6237736836912249,0.4551606056325366,0.6005362739692237,0.586781248807703
2025-10-30,NASDAQ100_TR,31257.61,0.4971217106626121,-0.012563716631754183,0.6800000000000002,0.0,-0.02339526278560644,0.0,0.2793501902224511,0.477649135544352,0.6102493328163074,0.563043667232942
2025-10-31,NASDAQ100_TR,31410.39,0.40893154373310486,-0.020824058655868498,0.6800000000000002,0.0,-0.030841705563031896,0.0,0.20348638098743208,0.44350564915116786,0.4029393991395907,0.5172139606034539
2025-11-03,NASDAQ100_TR,31549.86,0.43002299175190256,-0.015993847419854372,0.56,0.0,-0.01374871394041055,0.0,0.1770320722829462,0.4754740397452992,0.3661674095948469,0.6192211404992173
2025-11-04,NASDAQ100_TR,30897.63,0.49688095594748954,-0.010047845094893258,0.56,0.0,0.003993510181848903,1.0,0.12763905208057233,0.49685838196064835,0.6639228096644164,0.604339396496099
2025-11-05,NASDAQ100_TR,31121.54,0.49187497693854454,-0.012404202416912667,0.56,0.0,-0.0038516731498506873,0.0,0.18541610745108342,0.49947461692381,0.5448041659363456,0.6504086397013698
2025-11-06,NASDAQ100_TR,30526.33,0.5062622625281845,-0.0072037636761921806,0.56,0.0,-0.005262669963929545,0.0,0.20175047050220435,0.4912126439423894,0.6213036348130083,0.629780682220682
2025-11-07,NASDAQ100_TR,30441.64,0.5573202482944994,-0.0021119648683709333,0.56,0.0,-0.0017840694522370804,0.0,0.3157051763276684,0.511230850533058,0.6913900185667894,0.6501028689381667
2025-11-10,NASDAQ100_TR,31116.09,0.5817675382304026,-0.015225373162627735,0.56,0.0,-0.031536417332640454,0.0,0.3320812767957597,0.5221008713781341,0.7024517578662116,0.7053033463353326
2025-11-11,NASDAQ100_TR,31021.02,0.5727485469920667,-0.009363192071563883,0.56,0.0,-0.04017340500086719,0.0,0.42727769154025513,0.5309214403418201,0.6541683626540099,0.6416229225838164
2025-11-12,NASDAQ100_TR,31001.67,0.6064149514340968,-0.014211148837662245,0.56,0.0,-0.034181061858925665,0.0,0.4891722596408378,0.573819837136045,0.6410516195228456,0.6885802968604913
2025-11-13,NASDAQ100_TR,30365.68,0.6197591435260247,3.28439704289224e-05,0.56,0.0,-0.03722854222266725,0.0,0.47869045263921156,0.5229175006199007,0.7527216250050172,0.6927263999427333
2025-11-14,NASDAQ100_TR,30387.33,0.5448874105796988,-0.005733885742244652,0.56,0.0,-0.030439660213648412,0.0,0.3601938534627788,0.47378168625579015,0.6813313980767484,0.6201659261515062
2025-11-17,NASDAQ100_TR,30134.8,0.5256500579887644,-0.0005365291206327642,0.56,0.0,0.0032815880642977913,1.0,0.3452828536595026,0.49059412944333497,0.5801131570821377,0.6363819775191382
2025-11-18,NASDAQ100_TR,29774.8,0.5716977352782862,0.000703342848574443,0.56,0.0,0.021315676343753864,1.0,0.35821193687269437,0.49663255242768406,0.7238847372182313,0.656756827803351
2025-11-19,NASDAQ100_TR,29942.0,0.5889178461600022,-0.0035038269379979257,0.56,0.0,0.024547458419611257,1.0,0.3674756872125076,0.5151640962960697,0.7497694387087965,0.6704871322125849
2025-11-20,NASDAQ100_TR,29235.21,0.5883686207992104,0.003922385004432993,0.56,0.1,0.05758672504832352,1.0,0.3606304770041427,0.5207614461441245,0.7294250446006019,0.6860853581948966
2025-11-21,NASDAQ100_TR,29462.35,0.6107883879474632,0.002749625887432075,0.56,0.0,0.04563553144946009,1.0,0.4635223439896956,0.5094779515810811,0.7990228780984854,0.6429187993328547
2025-11-24,NASDAQ100_TR,30233.69,0.5412291962744693,-0.016539172777321275,0.56,0.0,0.027523269571130715,1.0,0.2816035134273321,0.5055251913909503,0.6726168843353043,0.6388859584927391
2025-11-25,NASDAQ100_TR,30409.47,0.5654102754285697,-0.013575456504563831,0.56,0.0,0.023670257982135068,1.0,0.30878527845585757,0.5446401076636603,0.7206272616082837,0.6251792355813428
2025-11-26,NASDAQ100_TR,30677.0,0.5823106749693137,-0.020567040419299038,0.56,0.0,0.013813932261955264,1.0,0.3566907633024911,0.5519656956046698,0.7833823001043112,0.5887290061725647
2025-11-28,NASDAQ100_TR,30918.77,0.6439979578022873,-0.004023872656853189,0.56,0.0,0.010342908207538581,1.0,0.5926744085561649,0.5693459054542358,0.7746872780466232,0.6350457012064061
2025-12-01,NASDAQ100_TR,30806.88,0.4783773065363493,-0.015340461617085101,0.6400000000000001,0.0,0.011558132469110749,1.0,0.33766933559146134,0.48250928164224255,0.5694583879602774,0.4976561670474311
2025-12-02,NASDAQ100_TR,31065.82,0.5197800389723306,-0.006394175210375378,0.6400000000000001,0.0,0.004728025849631612,1.0,0.42950917726832494,0.49510574068408686,0.6267593261952886,0.5126188913204626
2025-12-03,NASDAQ100_TR,31129.27,0.5027315903035254,-0.012476094398115263,0.6400000000000001,0.0,0.00690250686893723,1.0,0.4085803637476894,0.48510457291322245,0.5858575218399792,0.5145850066236748
2025-12-04,NASDAQ100_TR,31100.77,0.42962260138792263,-0.014726519857006657,0.6400000000000001,0.0,0.004315970311989048,1.0,0.2154398254677849,0.44565975951554315,0.5312133921258154,0.48493841076625205
2025-12-05,NASDAQ100_TR,31238.56,0.4531006589464569,-0.00819639247821357,0.6400000000000001,0.0,-0.01915037056765745,0.0,0.2868990504961758,0.45125638295440623,0.507811227674423,0.5334886288525783
2025-12-08,NASDAQ100_TR,31162.95,0.41632473186598257,-0.014370470711228225,0.6400000000000001,0.0,-0.02174505301969165,0.0,0.171967784292096,0.4646843297004166,0.4232695605129019,0.5544123313912395
2025-12-09,NASDAQ100_TR,31212.7,0.4047124448630375,-0.007394280683821307,0.6400000000000001,0.0,-0.02074540171148287,0.0,0.2889624025204656,0.4673014693416024,0.31862911785744985,0.5166600446944636
2025-12-10,NASDAQ100_TR,31344.14,0.4164256481978881,-0.005282495023388379,0.6400000000000001,0.0,-0.043682487380416246,0.0,0.3905144028107451,0.47355132822531465,0.30731533242822623,0.4850517530161297
2025-12-11,NASDAQ100_TR,31235.0,0.439460688623745,-0.0059318584538523835,0.6400000000000001,0.0,-0.025866495918040577,0.0,0.35004772122824973,0.48829688537729715,0.4104830828787266,0.48931899830177505
2025-12-12,NASDAQ100_TR,30640.33,0.5053366560246061,-0.005162821293698212,0.6400000000000001,0.0,0.006011031865518213,1.0,0.3300060871592489,0.5125050526848322,0.5701259495396891,0.5742488367149335
2025-12-15,NASDAQ100_TR,30485.31,0.49470661938165655,-0.0022723558547870226,0.6400000000000001,0.0,0.015796788682811425,1.0,0.5292215328418269,0.5025720604741619,0.4215301324893366,0.5300867384166958
2025-12-16,NASDAQ100_TR,30565.18,0.5233395380379493,0.0006449162470788575,0.6400000000000001,0.0,0.01816118864668881,1.0,0.5194851343305977,0.5179853549224807,0.47489624401077424,0.5783681909034313
2025-12-17,NASDAQ100_TR,29974.95,0.5752105334799651,-1.624565789315382e-05,0.6400000000000001,0.0,0.04099056045131011,1.0,0.5776726996370928,0.5159884642512439,0.6389201682098784,0.5709101281885813
2025-12-18,NASDAQ100_TR,30427.06,0.543993450931886,-0.010061730683702481,0.6400000000000001,0.0,0.025052699800769407,1.0,0.49926871380828935,0.5028076757427471,0.595995044606406,0.5702604311718814
2025-12-19,NASDAQ100_TR,30824.51,0.5393476963901229,-0.015104274525179696,0.6400000000000001,0.0,0.00717286341291401,1.0,0.3219054995683392,0.5063856172202208,0.6950423538182059,0.593947531718038
2025-12-22,NASDAQ100_TR,30966.88,0.49932977873204243,-0.015499897303096335,0.6400000000000001,0.0,6.78143875003645e-05,1.0,0.347289699252312,0.5162707166123979,0.5244058363692353,0.5783599635210972
2025-12-23,NASDAQ100_TR,31120.28,0.5651183496781382,-0.010625565769848837,0.6400000000000001,0.0,-0.0131358072613742,0.0,0.5489418482551683,0.5215295612134163,0.5686984487211114,0.6178670178431882
2025-12-24,NASDAQ100_TR,31203.64,0.5472563932181537,-0.008485981095920993,0.6400000000000001,0.0,-0.017364640791907582,0.0,0.48867096052028325,0.5048800777864629,0.5606676128411805,0.6228170317098993
2025-12-26,NASDAQ100_TR,31189.34,0.48700942912689943,-0.012911790908209802,0.6400000000000001,0.0,-0.00930285796365049,0.0,0.2983049979867691,0.5160763601883445,0.5139375039546165,0.581127457209558
2025-12-29,NASDAQ100_TR,31045.61,0.4953636894962301,-0.009142931796091224,0.6400000000000001,0.0,0.00462416425381873,1.0,0.3479378027613712,0.4746575816771797,0.5516045162193159,0.5782422263323129
2025-12-30,NASDAQ100_TR,30968.98,0.5332553330065894,-0.0025475288800474805,0.6400000000000001,0.0,0.007667349715747784,1.0,0.5117192356979673,0.49221048748463586,0.5447743053222751,0.5800566244817443
2025-12-31,NASDAQ100_TR,30711.49,0.5263778194527754,0.005536580582937449,0.6400000000000001,0.0,0.01030168187867142,1.0,0.6296897672656006,0.48736040660779767,0.472769797796409,0.535293719460796
2026-01-02,NASDAQ100_TR,30661.8,0.53829896802979,0.002616197283040318,0.52,0.0,0.02224233410954346,1.0,0.5536355817423402,0.49923144585929646,0.5140505152068242,0.5900886715681233
2026-01-05,NASDAQ100_TR,30899.19,0.5134100526338163,0.002090493363994102,0.52,0.0,0.015231467232636353,1.0,0.6561047304299467,0.4700082431014613,0.4155806752492891,0.5415889383413028
2026-01-06,NASDAQ100_TR,31189.17,0.5199282824317448,-0.0007719337597736405,0.52,0.0,0.004009725170628142,1.0,0.6213756116634314,0.5116245958025465,0.4243172894197524,0.5425978482877017
2026-01-07,NASDAQ100_TR,31206.43,0.5795740009945589,-0.00212823344480242,0.52,0.0,-0.007239854094172271,0.0,0.5975649842959361,0.5487550844065211,0.5425224895870228,0.6334583018220481
2026-01-08,NASDAQ100_TR,31027.87,0.5667228718687353,0.00622194539325372,0.52,0.2,0.0016543191653182188,1.0,0.6232601434780201,0.49739441452175837,0.5632596358784049,0.5964081048390959
2026-01-09,NASDAQ100_TR,31343.79,0.46821328925985056,-0.003698682568536977,0.52,0.0,-0.009132909581132442,0.0,0.5228183210004016,0.44566807779039086,0.3500484685243707,0.5647359531685638
2026-01-12,NASDAQ100_TR,31369.83,0.46435688169555667,0.005268932350049855,0.52,0.0,-0.030962871013327176,0.0,0.6018167798106697,0.43357892563870004,0.3210152868691096,0.5286656508394777
2026-01-13,NASDAQ100_TR,31314.23,0.48850041521850485,0.005496859656792162,0.52,0.0,-0.016071607061709625,0.0,0.6783009284754068,0.4270479669583265,0.41920064680222446,0.46976922294955265
2026-01-14,NASDAQ100_TR,30980.5,0.5604895200532706,0.010382259465326359,0.52,0.2,0.0020580687852036483,1.0,0.7754766175798595,0.4416691786085832,0.5731736000735675,0.49966063451441284
2026-01-15,NASDAQ100_TR,31079.2,0.5392520335272992,0.016031489720420268,0.52,0.1,0.002285773121573298,1.0,0.7514517469221305,0.4534777567616829,0.46535808642900633,0.5322425975056437
2026-01-16,NASDAQ100_TR,31057.53,0.4490257135039116,0.007811946271548435,0.52,0.0,0.007205337964738323,1.0,0.5381725676899086,0.43486283913903295,0.35813060745538067,0.48275961715150706
2026-01-20,NASDAQ100_TR,30398.53,0.5021428969094348,-0.001352814460602791,0.52,0.0,0.038106118947199175,1.0,0.5388392560560282,0.43820142669316153,0.47347894326679535,0.5668646133088532
2026-01-21,NASDAQ100_TR,30810.96,0.491220361773118,-0.0007752214376164183,0.52,0.0,0.02751001591641411,1.0,0.5596051389562008,0.4183673804019221,0.430340504515901,0.5718084366077318
2026-01-22,NASDAQ100_TR,31044.26,0.40628522802229927,-0.007049942415984791,0.52,0.0,0.014375604379038176,1.0,0.3759484069888201,0.4380209149617889,0.2636632652058415,0.5385242341948525
2026-01-23,NASDAQ100_TR,31150.24,0.4530801643867028,-0.007127446875300325,0.52,0.0,-0.0019399529506032298,0.0,0.5510591423556224,0.41585106845645375,0.35098856428512276,0.5144887745081593
2026-01-26,NASDAQ100_TR,31281.31,0.484361338829539,0.003467646171733365,0.52,0.0,0.0011214364104314978,1.0,0.6659049308526196,0.4394962538415062,0.3843607642978203,0.48547617150429373
2026-01-27,NASDAQ100_TR,31556.9,0.4858045556748596,0.004652173948765277,0.52,0.0,-0.023043454838719946,0.0,0.7400002746456198,0.43094001581307445,0.38072547176161475,0.44474406476028017
2026-01-28,NASDAQ100_TR,31658.57,0.5111263034489321,-0.00016588904005591237,0.52,0.0,-0.043374669165410884,0.0,0.7221799862305848,0.4363234325436948,0.41054516889319564,0.5201295808006041
2026-01-29,NASDAQ100_TR,31490.54,0.6385625092892206,0.018519442105697715,0.52,0.3,-0.05150562676918213,0.0,0.9362335941899499,0.4868891274505339,0.6365956660655461,0.5604645197652837
2026-01-30,NASDAQ100_TR,31089.81,0.5115616410956891,0.003536753229368737,0.52,0.0,-0.018652413765153364,0.0,0.45208913455914634,0.4605186477455011,0.5756849833151731,0.547526052143006
2026-02-02,NASDAQ100_TR,31316.39,0.5353847956465037,-0.0029503747634300895,0.6800000000000002,0.0,-0.018205482815867424,0.0,0.4492344459646849,0.4849241394672731,0.6018730712901434,0.5844016927799331
2026-02-03,NASDAQ100_TR,30829.72,0.6728274351165384,0.012676750635761397,0.6800000000000002,0.0,-0.008216746697667032,0.0,0.7539957154049556,0.5158648781685101,0.822170800169654,0.6161545221157799
2026-02-04,NASDAQ100_TR,30285.39,0.641916356510833,0.01668856455482002,0.6800000000000002,0.0,0.012576361077073939,1.0,0.6467147321254678,0.4862233162346354,0.8397170606875206,0.59499941174455
2026-02-05,NASDAQ100_TR,29868.6,0.6456505997900974,0.01406240079051463,0.6800000000000002,0.0,0.005779648192416165,1.0,0.5925650695326934,0.5162647076876743,0.8511117325025739,0.610137404251497
2026-02-06,NASDAQ100_TR,30509.91,0.6149534305825373,0.007640755599349066,0.6800000000000002,0.0,-0.013441534242480513,0.0,0.6470333052577838,0.494439474031016,0.7358830967718453,0.5883069677753535
2026-02-09,NASDAQ100_TR,30746.26,0.6287534096433836,0.007347024618131737,0.6800000000000002,0.0,-0.022216685866833785,0.0,0.7393584939404406,0.49672788621857406,0.7144580700938311,0.5876556228722062
2026-02-10,NASDAQ100_TR,30576.4,0.6940472195797317,0.020219298267168038,0.6800000000000002,0.1,-0.008924202980076235,0.0,0.9051503331401828,0.50361552138413,0.8105306086810249,0.6025669751371854
2026-02-11,NASDAQ100_TR,30666.27,0.678227728933145,0.014152967773220363,0.6800000000000002,0.0,-0.01570748578160952,0.0,0.9249927764768917,0.507420994863871,0.7292520654418871,0.6044290718276055
2026-02-12,NASDAQ100_TR,30041.23,0.7252804708743483,0.025818556859181132,0.6800000000000002,0.2,0.01349978013550035,1.0,0.9371088828536099,0.5531946267944184,0.8129434110465641,0.643692642727015
2026-02-13,NASDAQ100_TR,30099.81,0.7386193597818352,0.02419659261215662,0.6800000000000002,0.2,-0.000740204007932399,0.0,0.9153113759074147,0.5791296999085457,0.8377786646066697,0.6605336181814329
2026-02-17,NASDAQ100_TR,30063.18,0.7292693290939556,0.027452922955671644,0.6800000000000002,0.2,0.011333132423116954,1.0,0.9337209541477203,0.576106194401265,0.7920032451320075,0.6593983135167379
2026-02-18,NASDAQ100_TR,30303.53,0.7415816132612335,0.020498736494937934,0.6800000000000002,0.2,0.017453412193233042,1.0,0.9305614317500487,0.5392648247326824,0.8733814386876633,0.6633692846123781
2026-02-19,NASDAQ100_TR,30184.58,0.7305951246482054,0.02460928159314121,0.6800000000000002,0.2,0.009589664656589614,1.0,0.8733219614231834,0.5371082777793023,0.881424485964637,0.6606069104817726
2026-02-20,NASDAQ100_TR,30446.78,0.7181417387836391,0.024172638133921533,0.6800000000000002,0.1,-0.0019607984818098556,0.0,0.9007885857326026,0.5222703757102559,0.8379738441617434,0.6501876624950925
2026-02-23,NASDAQ100_TR,30077.53,0.7372127203076554,0.031787867753039746,0.6800000000000002,0.2,0.011632936614143441,1.0,0.9586181255667576,0.5240184795700941,0.8577688165696133,0.6556711921172507
2026-02-24,NASDAQ100_TR,30403.89,0.7596529796707955,0.03482945825594515,0.6800000000000002,0.2,-0.010109232733048312,0.0,0.9834605075603681,0.5514509200900264,0.8777038201824603,0.6739580476622041
2026-02-25,NASDAQ100_TR,30832.43,0.7271208783846763,0.02775096589070321,0.6800000000000002,0.2,-0.009088158150363124,0.0,0.9688936544745196,0.5433368772341044,0.7969711424762067,0.6512350622665685
2026-02-26,NASDAQ100_TR,30474.04,0.7300917868744907,0.029818851367150633,0.6800000000000002,0.2,-0.00029172370975427686,0.0,0.9456381112305757,0.5569174690133907,0.8185958797402121,0.6459061601906892
2026-02-27,NASDAQ100_TR,30387.08,0.7151335669832438,0.033556761486029985,0.6800000000000002,0.1,-0.012404614066241382,0.0,0.9445650791057418,0.5282392331222999,0.8034844564061553,0.6336437883403233
2026-03-02,NASDAQ100_TR,30427.42,0.6879688966152739,0.02110315894825495,0.6000000000000001,0.2,-0.0006829366407009596,0.0,0.834607451816108,0.5351052881591959,0.8063332655376725,0.6262858696874135
2026-03-03,NASDAQ100_TR,30096.53,0.7665697561261956,0.02914418603070734,0.6000000000000001,0.3,0.009867582741266201,1.0,0.8560061715714391,0.604434842647162,0.9138311866475365,0.7289601728952251
2026-03-04,NASDAQ100_TR,30552.22,0.6930947805086718,0.01789246381372508,0.6000000000000001,0.3,-0.004809470473831401,0.0,0.7426676772564915,0.5537990165236716,0.866459950874018,0.637299810589807
2026-03-05,NASDAQ100_TR,30465.15,0.680167563960527,0.02303523440235098,0.6000000000000001,0.2,-0.019212444383172267,0.0,0.7094447181800492,0.5915626463634248,0.7845297547497986,0.6517663404049366
2026-03-06,NASDAQ100_TR,30010.14,0.7347014841044949,0.019371334662185952,0.6000000000000001,0.3,-0.0104211443198865,0.0,0.7212931292731213,0.5886745827218245,0.8958322279507867,0.7425588190994273
2026-03-09,NASDAQ100_TR,30406.64,0.6654130902464164,0.018181752996402654,0.6000000000000001,0.2,-0.01229468300344927,0.0,0.6713535243734288,0.5768152078158981,0.7242339563880245,0.6959174651676754
2026-03-10,NASDAQ100_TR,30393.51,0.5610748664098948,0.01561788893378623,0.6000000000000001,0.0,-0.006855081890837833,0.0,0.6552379742460381,0.508942862335089,0.5492757879976955,0.556201025498875
2026-03-11,NASDAQ100_TR,30405.28,0.6287209593864386,0.021455196923189312,0.6000000000000001,0.1,-0.02147455968173939,0.0,0.8560203764539238,0.5360416333664301,0.6220298665520396,0.5635116297094284
2026-03-12,NASDAQ100_TR,29879.84,0.7663688588520093,0.03614213482471405,0.6000000000000001,0.3,-0.007113491906248437,0.0,0.9090967977885314,0.5775681522386649,0.9007469531007999,0.7288728607369941
2026-03-13,NASDAQ100_TR,29697.4,0.7232930321367962,0.04114760533599191,0.6000000000000001,0.3,-0.019697010512704893,0.0,0.7736676590836361,0.5779280551155027,0.8378209394110567,0.7273039044471925
2026-03-16,NASDAQ100_TR,30032.8,0.6574410277909895,0.04063050595087982,0.6000000000000001,0.2,-0.018803108601262553,0.0,0.7928196656737417,0.5576467891802812,0.752609914703785,0.5719557605614247
2026-03-17,NASDAQ100_TR,30185.16,0.7267799045912475,0.05262009727123608,0.6000000000000001,0.3,-0.03126867639595077,0.0,0.9462987203119588,0.5244093519142805,0.8717628077730994,0.6375473886752568
2026-03-18,NASDAQ100_TR,29752.34,0.7441794899516183,0.04792731697866301,0.6000000000000001,0.3,-0.010580008160702592,0.0,0.9298177893545779,0.548160921730621,0.8479775925972298,0.7110875895401974
2026-03-19,NASDAQ100_TR,29667.29,0.7412490298853174,0.052375612058798544,0.6000000000000001,0.3,-0.03139619425973872,0.0,0.878545980910845,0.5671823121779341,0.84851831371548,0.7178828491016626
2026-03-20,NASDAQ100_TR,29112.45,0.7459706678771948,0.05865454119097502,0.6000000000000001,0.3,-0.03192654688973273,0.0,0.8619605557179585,0.5756645800263648,0.8825751282633655,0.7071843279311113
2026-03-23,NASDAQ100_TR,29468.09,0.7450665883027943,0.05044755969102211,0.6000000000000001,0.3,-0.051017558314773725,0.0,0.9046526996955135,0.6061350501668918,0.8702702178821491,0.6536927299452537
2026-03-24,NASDAQ100_TR,29241.31,0.7055130110963692,0.05598997737089892,0.6000000000000001,0.3,-0.010833987943768664,0.0,0.9564258899506338,0.6060589509192795,0.734374678269997,0.597217475270921
2026-03-25,NASDAQ100_TR,29437.56,0.7508251134527515,0.059078000805883976,0.6000000000000001,0.3,-0.005782068894296999,0.0,0.9807807075662919,0.5957427425294997,0.8629071270296625,0.6368490433620202
2026-03-26,NASDAQ100_TR,28735.85,0.708866479312549,0.06735858690481433,0.6000000000000001,0.3,0.01967472686557037,1.0,0.9768708491560382,0.5813944378121162,0.7027353066218905,0.6486507958077427
2026-03-27,NASDAQ100_TR,28182.99,0.7316727258680953,0.0743054987004741,0.6000000000000001,0.3,0.046022796019868695,1.0,0.9787823277413648,0.6026809891989372,0.79622899205264,0.6228947014664077
2026-03-30,NASDAQ100_TR,27964.7,0.7792440549154195,0.07816254355717048,0.6000000000000001,0.3,0.05463280492907141,1.0,0.9873162648402282,0.5911248355966784,0.8712687951744793,0.7328309253940224
2026-03-31,NASDAQ100_TR,28924.51,0.6376437794446044,0.0487000941841904,0.6000000000000001,0.1,0.049160729084088306,1.0,0.9540513910936351,0.5221716625455634,0.5996243080130708,0.5597413667245826
2026-04-01,NASDAQ100_TR,29267.35,0.3465171372661535,0.009509585752607859,0.52,0.0,0.04433882807975431,1.0,0.5727167420985659,0.35553825618674356,0.16638941199146381,0.34606730541993225
2026-04-02,NASDAQ100_TR,29301.22,0.3223652590439107,0.014329209397430938,0.52,0.0,0.04455923678263218,1.0,0.58247721561099,0.34913787643710525,0.1156016323241019,0.3054091842915379
2026-04-06,NASDAQ100_TR,29480.05,0.34836146305357507,0.01116541159548402,0.52,0.0,0.049275357402718045,1.0,0.4651606451873796,0.37557242510845007,0.21813060590370775,0.3603032526321666
2026-04-07,NASDAQ100_TR,29492.49,0.4832861239526597,0.024788620449336177,0.52,0.0,0.06776843867710047,1.0,0.6358478019827212,0.4336963108478712,0.35968977043697803,0.5395796963245888
2026-04-08,NASDAQ100_TR,30346.46,0.404376037832123,0.01714373442335616,0.52,0.0,0.05228056254337421,1.0,0.6480499272130393,0.43567774750091703,0.21630175142877175,0.3772010988918499
2026-04-09,NASDAQ100_TR,30565.03,0.39974117488737826,0.017888716932522027,0.52,0.0,0.04987595300904335,1.0,0.6092817383081299,0.41549083662979913,0.2515370933421308,0.3748668854089141
2026-04-10,NASDAQ100_TR,30606.86,0.45496021253200586,0.023677627269155958,0.52,0.0,0.06195539169976927,1.0,0.7068657047313179,0.44176837155122406,0.313656820813688,0.42260882877354383
2026-04-13,NASDAQ100_TR,30932.69,0.44458723562533464,0.022873561346712902,0.52,0.0,0.04753547137348879,1.0,0.6386106196367375,0.445193765362328,0.2997218668654768,0.44231532464926654
2026-04-14,NASDAQ100_TR,31491.15,0.4775949011553603,0.016659931109322183,0.52,0.0,0.024668200430914666,1.0,0.5800041869141531,0.45396701682746343,0.40584924935336586,0.4955561402658145
2026-04-15,NASDAQ100_TR,31932.99,0.48966799171382525,0.011820799274015949,0.52,0.0,0.027960739035085558,1.0,0.7011416481118471,0.45688980120685774,0.35675308537670486,0.4969898184651236
2026-04-16,NASDAQ100_TR,32089.49,0.42452645623227536,0.011323427645260124,0.52,0.0,0.0170744377676304,1.0,0.5430938148909867,0.4463951716373329,0.27547497628913714,0.45783062169670136
2026-04-17,NASDAQ100_TR,32503.12,0.41841171550216216,0.015201228472044085,0.52,0.0,0.023666035752875292,1.0,0.5983909652367068,0.4466587220949217,0.21247624170222876,0.4550936231987595
2026-04-20,NASDAQ100_TR,32403.09,0.4872788671571149,0.026864181630220973,0.52,0.0,0.02691595153425186,1.0,0.6933220546747426,0.47808343044261986,0.3810913706496581,0.4505955246609958
2026-04-21,NASDAQ100_TR,32267.98,0.5245801211921823,0.022497620620499308,0.52,0.1,0.020781282249462185,1.0,0.651288037616218,0.5040543047726181,0.5275396826460282,0.45369170463306197
2026-04-22,NASDAQ100_TR,32825.86,0.4485651166498656,-0.0005449211652972484,0.52,0.0,0.009297547726091482,1.0,0.4082986143475106,0.5141448659602793,0.4690695280871531,0.39334884358818545
2026-04-23,NASDAQ100_TR,32637.4,0.3702666573555661,-0.003030713578643783,0.52,0.0,0.025025277748840447,1.0,0.17531658771165717,0.49253046321412974,0.3930227010843525,0.3651370612761983
2026-04-24,NASDAQ100_TR,33272.34,0.3347963698884394,-0.01771412068167619,0.52,0.0,0.014954764227583794,1.0,0.14836966720905706,0.47577875451238233,0.2993119907280902,0.35904178763274414
2026-04-27,NASDAQ100_TR,33275.25,0.3128247276662844,-0.0183635752108212,0.52,0.0,0.012752721617418361,1.0,0.1213507817376663,0.47642650587656615,0.25014625537103913,0.343452876615162
2026-04-28,NASDAQ100_TR,32938.55,0.3217137979514421,-0.015912733231348314,0.52,0.0,0.03662000907750951,1.0,0.14297250883035562,0.45104960542535505,0.2943080329578637,0.3445883700327739
2026-04-29,NASDAQ100_TR,33131.06,0.3116018841345411,-0.011614317457423817,0.52,0.0,0.05208466013462898,1.0,0.1782706040229511,0.4402597268019294,0.2536910271492262,0.3316154210028835
2026-04-30,NASDAQ100_TR,33454.16,0.3267839192900309,-0.016174051509130274,0.52,0.0,0.040640386726194855,1.0,0.1364676135214776,0.4409540321705116,0.3071058966413707,0.36548934346318995
2026-05-01,NASDAQ100_TR,33769.92,0.45604071630596327,-0.01857866441981956,0.52,0.0,0.05521185717940691,1.0,0.14251259349976864,0.5110773234861388,0.5297499953543701,0.5344726929836113
2026-05-04,NASDAQ100_TR,33699.6,0.45374718499110067,-0.013980612026435333,0.52,0.0,0.06058143123360504,1.0,0.21694491107211508,0.5289316719579656,0.46087818375283346,0.5277544049516925
2026-05-05,NASDAQ100_TR,34144.76,0.510896942206141,-0.010385792985908675,0.52,0.0,0.03762012092045741,1.0,0.21084919314893938,0.5471867499712892,0.5888712311645176,0.5944833727289541
2026-05-06,NASDAQ100_TR,34856.68,0.5595558531749931,-0.006132024643199545,0.52,0.0,0.027022367018316062,1.0,0.14345839840223829,0.5734016811680028,0.8065823620841419,0.5758573774279135
2026-05-07,NASDAQ100_TR,34813.75,0.5672057592714175,-0.0011830604521592724,0.52,0.0,0.035774083515852206,1.0,0.17127110382937608,0.5704965732490116,0.7805066565361883,0.6133026103875635
2026-05-08,NASDAQ100_TR,35634.42,0.5477978038570513,-0.00733094430585357,0.52,0.0,-0.003484271667674066,0.0,0.14751017006137132,0.5539146200769203,0.7814295705958717,0.5742850424223761
2026-05-11,NASDAQ100_TR,35741.17,0.5041764552875981,-0.005556847163370849,0.52,0.0,-0.01090283278359383,0.0,0.10299281268785737,0.517827425407955,0.6770750361460174,0.5828853769040268
2026-05-12,NASDAQ100_TR,35429.29,0.5594468399744884,-0.0013506460143757155,0.52,0.0,-0.008214954349917925,0.0,0.1604177299892759,0.5080665522402569,0.8076354835004083,0.6262354498067028
2026-05-13,NASDAQ100_TR,35798.59,0.5733166185625447,0.00029941675014416753,0.52,0.0,-0.0021193572149069695,0.0,0.27732997305509893,0.5395563208414345,0.7675632069664083,0.6088394675202154
2026-05-14,NASDAQ100_TR,36059.18,0.5174017196472201,-0.005738812676333314,0.52,0.0,-0.0071870741375705816,0.0,0.16877725803072693,0.5155953283434881,0.6524395089528403,0.6136733638339876
2026-05-15,NASDAQ100_TR,35510.26,0.3931195900432704,-0.02491253763628381,0.52,0.0,0.012451049358692456,1.0,0.023015392857177516,0.4887147867211401,0.4211239084060414,0.5134905613341341
2026-05-18,NASDAQ100_TR,35351.49,0.4521715595400209,-0.02198016356222974,0.52,0.0,0.03492469482898741,1.0,0.01773137299131679,0.488067640216271,0.6245250693427298,0.5315484597320169
2026-05-19,NASDAQ100_TR,35138.24,0.46957574985283396,-0.02076171476766664,0.52,0.0,0.040244758986221374,1.0,0.01564517597040299,0.5109988707578466,0.653740455518901,0.5447973799322614
2026-05-20,NASDAQ100_TR,35722.72,0.5324636982238852,-0.017542711462900137,0.52,0.0,0.031769977202183775,1.0,0.04487037838844637,0.5793116357525503,0.6869495449934163,0.6530167392156111
2026-05-21,NASDAQ100_TR,35800.02,0.5390712275832121,-0.008793725955701867,0.52,0.0,0.033327914341947595,1.0,0.09635817539839439,0.5828234049771286,0.7072369928211408,0.6203119770930045
2026-05-22,NASDAQ100_TR,35952.4,0.6095505090906558,-0.005403535395736924,0.52,0.0,0.03507721320412549,1.0,0.15664880709136167,0.6182548746149565,0.8169141642749507,0.6930434373272926
2026-05-26,NASDAQ100_TR,36586.13,0.7129222492487528,0.006286942550702343,0.52,0.3,0.022063279171642414,1.0,0.5294931493333447,0.6220723598904828,0.9008851006083061,0.7365835191593401
2026-05-27,NASDAQ100_TR,36552.37,0.7331697435564417,0.012020633599028534,0.52,0.3,0.020028249878188298,1.0,0.6276092772972941,0.6388176637402169,0.8953427907772382,0.7348406169579149
2026-05-28,NASDAQ100_TR,36857.63,0.7006486172887288,0.002515994813122456,0.52,0.0,0.006370187122720639,1.0,0.5684287290344714,0.6168790814192028,0.8125818991619567,0.7581009646138143
2026-05-29,NASDAQ100_TR,36993.16,0.67882872052463,0.001710271983095991,0.52,0.0,-0.04501021269878014,0.0,0.42148180032846944,0.6145008720810731,0.8312634570597345,0.7592600839889276
2026-06-01,NASDAQ100_TR,37213.51,0.6621787048020931,0.002336133399611028,0.54,0.0,-0.03565479311142661,0.0,0.5289164744716477,0.6047699298493303,0.764303580560472,0.7163218436235852
2026-06-02,NASDAQ100_TR,37393.34,0.6525298900814082,0.0035089192887740152,0.54,0.3,-0.05104545354867995,0.0,0.4919478553159264,0.5783537730393069,0.8050473576198015,0.6953139796149981
2026-06-03,NASDAQ100_TR,37284.45,0.570020803016605,0.0012380383346993007,0.54,0.0,-0.06713764049087478,0.0,0.3868566994020221,0.5627891590336547,0.609568291140046,0.6670883294387474
2026-06-04,NASDAQ100_TR,37092.42,0.5961140307611669,-0.0031672219428270443,0.54,0.0,-0.03145036101715659,0.0,0.35788534444086756,0.5803350472512604,0.6852330528513142,0.6936116029003443
2026-06-05,NASDAQ100_TR,35328.09,0.6089154387148712,-0.0020924388804165325,0.54,0.0,0.02350537490138871,1.0,0.2643166919661649,0.5638082092198774,0.742527891434213,0.7677096432485737
2026-06-08,NASDAQ100_TR,35886.67,0.5857445626274048,-0.005990140506642567,0.54,0.0,0.03853519983882592,1.0,0.18717657103955265,0.5576463927888995,0.7945932897310453,0.6949225948989324
2026-06-09,NASDAQ100_TR,35484.58,0.6845501047442639,0.020974658009629936,0.54,0.3,0.030503954111898768,1.0,0.5036315857432834,0.5888618145610734,0.8896109521141675,0.7138565854817543
2026-06-10,NASDAQ100_TR,34781.26,0.7215074050865835,0.022994907532738515,0.54,0.3,0.040931524619867155,1.0,0.6259069291139339,0.5661908254376462,0.8843980844951336,0.7903062499817652
2026-06-11,NASDAQ100_TR,35925.85,0.6379886853795289,0.0020427693747081437,0.54,0.0,0.03273993517202789,1.0,0.3375182756145638,0.5721735575155038,0.8584500040106567,0.70597307958379
2026-06-12,NASDAQ100_TR,36158.49,0.7003674798025289,0.012945627782291667,0.54,0.3,0.02415006821357868,1.0,0.5351164666300974,0.5916047102369473,0.9001029644620593,0.7367853622436907
2026-06-15,NASDAQ100_TR,37269.57,0.7327804881725354,0.0036059457246423944,0.54,0.3,-0.03911743548423019,0.0,0.6276965037139439,0.6155480674216054,0.8954470515482028,0.7705067580410869
2026-06-16,NASDAQ100_TR,36567.0,0.7741390059958638,0.012240037093465099,0.54,0.3,-0.02488254437060733,0.0,0.8186123212499543,0.6285586392074819,0.9045517454146941,0.7666070732334705
2026-06-17,NASDAQ100_TR,36204.91,0.721158660900513,0.013653737216355766,0.54,0.3,-0.007706137095769616,0.0,0.7764073268516247,0.5961402038563466,0.8406706209444983,0.6958912390540671
2026-06-18,NASDAQ100_TR,37102.06,0.6352545831418155,-0.00028504930091702383,0.54,0.0,-0.042280401681200286,0.0,0.45241288801556057,0.5692882979630498,0.7593589761750447,0.7117330014072647
2026-06-22,NASDAQ100_TR,37031.72,0.6720968879856585,1.510322329471847e-06,0.54,0.0,-0.01882710281888078,0.0,0.41144326625156113,0.5866916805818464,0.8690015926283147,0.7539357750698242
2026-06-23,NASDAQ100_TR,35811.68,0.7343109009677651,0.01693892100536956,0.54,0.3,0.03172512431698249,1.0,0.7530873188649618,0.5774692864076342,0.8765764927666821,0.744708535606867
2026-06-24,NASDAQ100_TR,35657.12,0.7360357877725174,0.015059179502892688,0.54,0.3,0.020259908820454253,1.0,0.7280691829492268,0.5799741241922048,0.8991910235318209,0.744708535606867
2026-06-25,NASDAQ100_TR,35925.91,0.6284959182082925,-0.0030398873878188437,0.54,0.0,-0.0036764552380162963,0.0,0.3212661206859925,0.5856322823545315,0.7922123605073199,0.7311829412694254
2026-06-26,NASDAQ100_TR,35533.37,0.6431118997670191,0.006797175491768002,0.54,0.3,0.020074088103661403,1.0,0.4677270314163055,0.5675555910645808,0.8211307087362156,0.6737642331388766
2026-06-29,NASDAQ100_TR,36334.52,0.6647472814657973,-0.005870673988516906,0.54,0.0,-0.02004842777612026,0.0,0.44555118398816657,0.5818361416612953,0.8883227346296467,0.6905983698531286
2026-06-30,NASDAQ100_TR,36947.81,0.6235617226783985,-0.006463454959021088,0.54,0.0,-0.03368264587265113,0.0,0.34819175472776076,0.577022601521309,0.8585748972628325,0.6414814934786467
2026-07-01,NASDAQ100_TR,36379.53,0.6126735161517984,-0.008224015660054755,0.52,0.0,-0.002653415258525804,0.0,0.5463399032274363,0.5328703312992579,0.7830830020547132,0.5879848698906126
2026-07-02,NASDAQ100_TR,35793.83,0.6523734157723283,0.0012530605452112844,0.52,0.0,0.017010752970553877,1.0,0.7422124404696868,0.5486094105865774,0.7528201866719892,0.5980796877708277
2026-07-06,NASDAQ100_TR,36246.67,0.6308389890729812,0.0021625225525034055,0.52,0.0,-0.014585891614319224,0.0,0.6563591694023426,0.5416925838606815,0.7467438310997682,0.5961138182058128
2026-07-07,NASDAQ100_TR,35606.07,0.6151416294164417,0.004229324523088909,0.52,0.3,0.014187187746359076,1.0,0.5960038825644314,0.5365112636025645,0.6820950768974845,0.6480776491002078
2026-07-08,NASDAQ100_TR,35703.31,0.5851541104444444,-0.0014831474834396362,0.52,0.0,0.00856391186139338,1.0,0.45775203097032807,0.547549814446331,0.6959087957260722,0.6181861465080986
2026-07-09,NASDAQ100_TR,36283.0,0.5609428726616695,-0.0057412133238499054,0.52,0.0,-0.023589835460132935,0.0,0.26046486046295686,0.5590997746615919,0.7666473417732186,0.6015785938103738
2026-07-10,NASDAQ100_TR,36402.71,0.5606473778797986,-0.0003247948545159144,0.52,0.0,-0.04132247296973224,0.0,0.31396255731937855,0.5529038707830066,0.7223766209832214,0.6068362462605463
2026-07-13,NASDAQ100_TR,35717.98,0.5705494808884268,0.004857897905017065,0.52,0.2,-0.022548587574101497,0.0,0.3618655703898673,0.5364951379851357,0.7198019566025452,0.6261177326317345
2026-07-14,NASDAQ100_TR,36111.22,0.5153776488325206,-0.007053281914497023,0.52,0.0,-0.014571094524084227,0.0,0.20946015095712603,0.5015850532981343,0.6990188618052898,0.5923344795515898
2026-07-15,NASDAQ100_TR,36009.07,0.5703689877923867,-0.0030757891428817435,0.52,0.0,-0.017099858452328864,0.0,0.37835783787356314,0.4938982177558464,0.7960234862773481,0.5866129819526736
2026-07-16,NASDAQ100_TR,35427.09,0.5194210730845282,-0.003797679852233964,0.52,0.0,-0.01967082252592567,0.0,0.23309700344941484,0.49862915028650207,0.6837083443460407,0.6063537618504907
2026-07-17,NASDAQ100_TR,34898.46,0.5537989287753371,-0.001306137625169298,0.52,0.0,-0.01620873815062318,0.0,0.2669482997196695,0.5041918284041632,0.7777695485219863,0.6158512067138242
2026-07-20,NASDAQ100_TR,34912.59,0.5111446603073455,-0.0023463310033926665,0.52,0.0,-0.019722970996995492,0.0,0.16474561237593852,0.4839652555724052,0.6964645991532047,0.6306246641399437
2026-07-21,NASDAQ100_TR,35585.04,0.4795348355308986,-0.015750820408852992,0.52,0.0,-0.04767593348216004,0.0,0.10821285730549891,0.4691761373788577,0.6371374386933502,0.6260530987857064
2026-07-22,NASDAQ100_TR,35393.32,0.49469950385783656,-0.017961162035212547,0.52,0.0,-0.06220382829302251,0.0,0.10814519393945807,0.458727786135759,0.7603910746052407,0.5800204030983259
2026-07-23,NASDAQ100_TR,34730.21,0.44445414012031503,-0.02423485414987319,0.52,0.0,-0.01217326356506332,0.0,0.06730101167786075,0.44383553024149525,0.6362277091334924,0.5543355077206473
2026-07-24,NASDAQ100_TR,34332.8,0.4696853075142475,-0.017886003959075483,0.52,0.0,0.005287946220523754,1.0,0.07332913482288941,0.4744317125868261,0.6764262652387438,0.5749524763618531
2026-07-27,NASDAQ100_TR,34224.01,0.5243667308031903,-0.0019673580117126367,0.52,0.0,0.026410406027814748,1.0,0.26330851151847734,0.4964307682743683,0.7288260605403333,0.5628462427389318
2026-07-28,NASDAQ100_TR,33888.49,0.6766079794562359,0.01920595507884141,0.52,0.3,0.0710217539937601,1.0,0.646194825575352,0.5780536942573994,0.8358311553316546,0.6540370339032456
2026-07-29,NASDAQ100_TR,33191.72,0.6715472011691199,0.027934607873046587,0.52,0.3,0.08448100911914169,1.0,0.7428468998299497,0.5392916315408883,0.8202867724044427,0.6160094029432595
2026-07-30,NASDAQ100_TR,34307.43,0.5138733676489943,-0.0027502831158022507,0.52,0.0,0.04514007607098525,1.0,0.22145096540794473,0.47746301178258016,0.7174469310004021,0.5853727587584233
2026-07-31,NASDAQ100_TR,34514.35,0.55194347157373,-0.003130101746090781,0.52,0.0,0.051227098293898043,1.0,0.2836086167267567,0.47674315974173537,0.765171968868502,0.6357489728799802
2026-08-03,NASDAQ100_TR,35127.88,0.49480459239364927,-0.011705930157628846,0.52,0.0,0.029462352980026196,1.0,0.25049863063276007,0.5005900933995111,0.6044861425223829,0.5845562037596808
2026-08-04,NASDAQ100_TR,36295.31,0.4382408822858169,-0.027267144221029667,0.52,0.0,-0.00688987089516524,0.0,0.13626860626986784,0.5043057659654661,0.49319964799728666,0.5571056169656473
2026-08-05,NASDAQ100_TR,35995.79,0.49376320038965216,-0.007587031304736893,0.52,0.0,0.008745744988511106,1.0,0.267505951263278,0.5104390736905527,0.5882873530032624,0.5710887405586527
2026-08-06,NASDAQ100_TR,35856.07,0.44729138591769985,-0.005235783148672207,0.52,0.0,0.024331166243260816,1.0,0.3722580357440531,0.47111951780347894,0.37843208474547496,0.5406407544017701
2026-08-07,NASDAQ100_TR,36282.42,0.4735350517697725,-0.010807000904069487,0.52,0.0,0.011053286963769171,1.0,0.43712863947500363,0.4989392973362395,0.4222467550499791,0.5197681042762028
2026-08-10,NASDAQ100_TR,36162.83,0.45422842226315485,-0.01675095836003463,0.52,0.0,0.012696185558486395,1.0,0.2997905485313168,0.44822529866575594,0.49388001111306074,0.5469020367601714
2026-08-11,NASDAQ100_TR,36045.24,0.42470543119214843,-0.007356717464917785,0.52,0.0,-0.0010750379245636488,0.0,0.34409373392969916,0.42511290702739196,0.4402417528599104,0.47382846986716676
2026-08-12,NASDAQ100_TR,36310.6,0.45151382041732885,-0.01467055374654781,0.52,0.0,-0.010547608687270338,0.0,0.32986527519556275,0.46006685762980565,0.46391292105443205,0.5268721757244034
2026-08-13,NASDAQ100_TR,36728.49,0.441644401283246,-0.023808952766089728,0.52,0.0,-0.02874934417396413,0.0,0.19153692065615,0.49319768534874997,0.4671468183145378,0.5608003066190227
2026-08-14,NASDAQ100_TR,36683.46,0.4800685290139183,-0.014030984733025059,0.52,0.0,-0.024260797645587417,0.0,0.25848919351362504,0.4971231788046624,0.5306772527338373,0.5914539657301366
2026-08-17,NASDAQ100_TR,36621.96,0.45586210446224695,-0.011888676240966215,0.52,0.0,-0.03213809419266467,0.0,0.21100993534182505,0.4695898853700248,0.5786567007256953,0.5262954987516218
2026-08-18,NASDAQ100_TR,36006.49,0.483051290276287,0.0006298704031373697,0.52,0.0,-0.009283881877961364,0.0,0.3663594023425894,0.45593086625890783,0.5817639594934646,0.5171834273159869
2026-08-19,NASDAQ100_TR,35927.61,0.5195018263431499,0.00339769536586616,0.52,0.0,-0.006588804543358195,0.0,0.4912296749515298,0.46613907455310566,0.5761192526153424,0.5486630469715672
2026-08-20,NASDAQ100_TR,35672.57,0.48628176721207356,0.006868694577142275,0.52,0.0,0.014791196709404542,1.0,0.42371529308424566,0.4471055931330455,0.5412970847122656,0.5287117538409315
2026-08-21,NASDAQ100_TR,35793.49,0.49312524641766675,-0.002697213058683377,0.52,0.0,0.004310281003612637,1.0,0.3324655636934555,0.4567162504013794,0.6261958861641098,0.541599629902541
2026-08-24,NASDAQ100_TR,35445.0,0.4939216111232526,-0.004482064792543282,0.52,0.0,0.015007476371843742,1.0,0.4071194608080292,0.4594651753119322,0.5939845608121361,0.5112337743373061
2026-08-25,NASDAQ100_TR,35672.21,0.5825504776361948,0.002542150813098219,0.52,0.0,-0.004435665746529205,0.0,0.5534757301187024,0.5306065601780001,0.6279952086800933,0.6205426391175806
2026-08-26,NASDAQ100_TR,35690.89,0.6165920773596787,0.004160345733760458,0.52,0.3,-0.002691723294095505,0.0,0.5420565670199167,0.5406564571603175,0.7526160718991719,0.6367795099017147
2026-08-27,NASDAQ100_TR,36200.21,0.4710362573355508,-0.0011437833171459716,0.52,0.0,-0.005211295735577215,0.0,0.3035271271279423,0.48399642180503477,0.5495488932866462,0.520231960710574
2026-08-28,NASDAQ100_TR,35947.77,0.5477961574956568,0.0011867543136380677,0.52,0.0,0.004050598966222507,1.0,0.3483131462961885,0.5165427850241967,0.7196173679741145,0.5875666051184316
2026-08-31,NASDAQ100_TR,35976.94,0.4713305676022247,-0.006564483283519364,0.52,0.0,0.0020073969603864317,1.0,0.3229286025124496,0.45431385645572775,0.5279563484218549,0.5561493193501359
2026-09-01,NASDAQ100_TR,35513.98,0.4163149897346709,0.0030666613477634518,0.5800000000000001,0.0,0.012105936873310075,1.0,0.4399266523473241,0.39103597797404366,0.35035461058075407,0.483860322534754
2026-09-02,NASDAQ100_TR,35594.82,0.44814745796012156,0.0016891302210869227,0.5800000000000001,0.0,-0.0010108212374723147,0.0,0.4691433430451451,0.38088609361624437,0.4585565304136484,0.4937558250617832
2026-09-03,NASDAQ100_TR,36011.56,0.4144284853670428,-0.0004502936933388113,0.5800000000000001,0.0,-0.0035388636315670796,0.0,0.5177201047164885,0.401007066742786,0.2735231643360531,0.47279668359687194
2026-09-04,NASDAQ100_TR,36093.38,0.36052425724532344,-0.015687264704819938,0.5800000000000001,0.0,-0.013965718921309156,0.0,0.19434384640548014,0.39324439331839,0.32170048612988733,0.49434918297917624
2026-09-08,NASDAQ100_TR,36049.16,0.37405620082037566,-0.014138242570383592,0.5800000000000001,0.0,-0.01911195711633784,0.0,0.2646896391149637,0.3981295420319035,0.33862466862964663,0.46833142892413265
2026-09-09,NASDAQ100_TR,35943.91,0.3546501185242873,-0.017919149573759546,0.5800000000000001,0.0,-0.015982957891893412,0.0,0.19076996576745034,0.39283453245919214,0.30582691221384395,0.48980641804011055
2026-09-10,NASDAQ100_TR,35558.84,0.3012189010945485,-0.025720119975537335,0.5800000000000001,0.0,0.011921367513676007,1.0,0.0932639971368207,0.36962805974388757,0.1656057241602402,0.517868497744896
2026-09-11,NASDAQ100_TR,35884.12,0.2774494725881672,-0.029327874361426264,0.5800000000000001,0.0,0.009463238892301051,1.0,0.06862673030590256,0.37048531014541763,0.15116279983223863,0.46005458996955806
2026-09-14,NASDAQ100_TR,35589.31,0.31341907780238193,-0.021220070407418645,0.5800000000000001,0.0,0.04667778049082716,1.0,0.09747835079244353,0.3861803495767873,0.24733176024885659,0.4690986750364774
2026-09-15,NASDAQ100_TR,35360.19,0.328686345719274,-0.015189169699234445,0.5800000000000001,0.0,,,0.1275229269423703,0.3820262100768293,0.2837407288798281,0.4741527329185842
2026-09-16,NASDAQ100_TR,35369.42,0.3405436054280159,-0.017683184701923548,0.5800000000000001,0.0,,,0.14453015621670806,0.37920740292155186,0.3147973262408443,0.4802263608500401
2026-09-17,NASDAQ100_TR,35982.75,0.3833708908466237,-0.012629364196599631,0.5800000000000001,0.0,,,0.14651115289002722,0.40842921405704713,0.4449273972280258,0.49168779796405315
2026-09-18,NASDAQ100_TR,36223.7,0.34734207474867973,-0.016407201533584135,0.5800000000000001,0.0,,,0.10457281843388336,0.3882044452285924,0.3834923305411051,0.46644980034912703
2026-09-21,NASDAQ100_TR,37250.54,0.354760389294842,-0.01987092091893277,0.5800000000000001,0.0,,,0.0866416405118746,0.41948679666200245,0.40634113435776104,0.45483644566031456
